ID,Nama,Pendapatan_Keluarga,Jumlah_Tanggungan,IPK,Semester,Usia,Status_Orang_Tua,Aktivitas_Organisasi,Pekerjaan_Sampingan,Skor_Motivasi,Cluster
1,Gita,3213573.0,5.0,3.94,4.0,19.0,Yatim,Aktif,Ada,91.0,2
2,Tari,1525893.0,4.0,3.23,1.0000000000000004,18.0,Yatim Piatu,Tidak Aktif,Ada,91.0,2
3,Omar,4610102.0,4.0,2.66,7.0,24.0,Yatim,Aktif,Tidak Ada,69.0,1
4,Kartini,3169455.0,3.0,3.32,7.0,22.0,Yatim,Tidak Aktif,Ada,58.0,1
5,Hendra,3255363.0,3.0,3.18,1.0000000000000004,22.0,Piatu,Tidak Aktif,Ada,66.0,0
6,Udin,1994653.0,4.0,3.77,6.0,19.0,Yatim Piatu,Aktif,Tidak Ada,76.0,1
7,Gita,1187210.0,5.0,2.65,2.0,18.0,Yatim,Tidak Aktif,Ada,96.0,0
8,Sandi,4931965.0,4.0,3.23,2.0,20.0,Yatim,Aktif,Ada,51.0,2
9,Wawan,1862557.0,7.0,2.73,1.0000000000000004,24.0,Yatim Piatu,Tidak Aktif,Ada,85.0,0
10,Kartini,3242142.0,5.0,2.99,2.0,19.0,Lengkap,Tidak Aktif,Ada,68.0,2
11,Kartini,2207094.0,3.0,3.61,5.0,18.0,Lengkap,Tidak Aktif,Tidak Ada,66.0,2
12,Yani,3221192.0,1.0,3.21,4.0,24.0,Yatim,Tidak Aktif,Ada,54.0,0
13,Udin,1668406.0,6.0,3.06,4.0,22.0,Yatim,Aktif,Tidak Ada,88.0,0
14,Dedi,4668866.0,7.0,3.09,1.0000000000000004,18.0,Lengkap,Tidak Aktif,Ada,67.0,2
15,Hendra,1418034.0,7.0,3.19,3.0,18.0,Piatu,Tidak Aktif,Tidak Ada,56.0,0
16,Yani,3853406.0,3.0,3.68,8.0,23.0,Yatim Piatu,Aktif,Ada,66.0,1
17,Citra,2033255.0,3.0,3.84,6.0,18.0,Yatim Piatu,Aktif,Tidak Ada,88.0,2
18,Vina,3887908.0,2.0,3.93,1.0000000000000004,20.0,Piatu,Aktif,Ada,85.0,2
19,Udin,1795543.0,7.0,3.68,2.0,18.0,Piatu,Aktif,Tidak Ada,89.0,2
20,Budi,4052766.0,2.0,2.97,6.0,20.0,Piatu,Aktif,Tidak Ada,94.0,1
21,Yani,1540677.0,2.0,3.53,3.0,22.0,Piatu,Aktif,Ada,53.0,0
22,Lukman,2695041.0,6.0,3.16,2.0,20.0,Piatu,Tidak Aktif,Tidak Ada,87.0,0
23,Fajar,4449299.0,2.0,2.88,7.0,24.0,Piatu,Aktif,Ada,74.0,1
24,Budi,4094235.0,5.0,3.76,8.0,22.0,Yatim Piatu,Tidak Aktif,Ada,54.0,1
25,Udin,2732682.0,4.0,2.56,5.0,22.0,Piatu,Aktif,Ada,79.0,0
26,Aisyah,2171459.0,1.0,3.85,2.0,20.0,Lengkap,Tidak Aktif,Ada,61.0,2
27,Lukman,2791822.0,3.0,3.19,5.0,19.0,Piatu,Tidak Aktif,Ada,53.0,2
28,Vina,3859653.0,5.0,3.46,6.0,21.0,Piatu,Tidak Aktif,Tidak Ada,73.0,1
29,Lukman,2966197.0,1.0,3.49,5.0,18.0,Yatim Piatu,Aktif,Ada,78.0,2
30,Zaki,1387952.0,7.0,3.84,6.0,23.0,Yatim Piatu,Aktif,Ada,58.0,1
31,Qori,3209373.0,7.0,3.46,6.0,21.0,Piatu,Aktif,Ada,53.0,1
32,Joko,2030117.0,7.0,3.42,6.0,18.0,Yatim Piatu,Aktif,Ada,100.0,1
33,Putu,3896818.0,5.0,2.6,6.0,18.0,Yatim,Tidak Aktif,Ada,73.0,1
34,Omar,3357821.0,5.0,3.28,6.0,22.0,Yatim Piatu,Aktif,Ada,63.0,1
35,Omar,3856376.0,3.0,2.73,2.0,18.0,Yatim Piatu,Tidak Aktif,Tidak Ada,54.0,2
36,Sandi,3937025.0,4.0,3.61,6.0,23.0,Yatim Piatu,Tidak Aktif,Tidak Ada,67.0,1
37,Lukman,1525134.0,2.0,3.27,2.0,18.0,Yatim Piatu,Aktif,Ada,91.0,2
38,Wawan,4680970.0,7.0,3.52,6.0,20.0,Lengkap,Aktif,Tidak Ada,68.0,1
39,Tari,2389959.0,6.0,2.56,5.0,21.0,Lengkap,Aktif,Ada,61.0,0
40,Zaki,1244761.0,4.0,2.63,7.0,20.0,Lengkap,Tidak Aktif,Ada,67.0,1
41,Citra,3930098.0,6.0,3.57,6.0,23.0,Piatu,Aktif,Ada,66.0,1
42,Eka,3971820.0,3.0,2.61,3.0,18.0,Piatu,Tidak Aktif,Ada,79.0,2
43,Sandi,3234693.0,3.0,2.61,6.0,24.0,Yatim,Aktif,Ada,73.0,0
44,Gita,1947609.0,3.0,2.52,6.0,23.0,Lengkap,Tidak Aktif,Tidak Ada,60.0,0
45,Udin,2877109.0,1.0,3.93,5.0,22.0,Piatu,Aktif,Tidak Ada,84.0,2
46,Ika,1064323.0000000002,6.0,3.61,8.0,20.0,Yatim Piatu,Aktif,Tidak Ada,72.0,1
47,Gita,3713362.0,4.0,3.03,4.0,20.0,Yatim Piatu,Tidak Aktif,Tidak Ada,66.0,2
48,Rani,2237715.0,4.0,2.94,5.0,19.0,Lengkap,Aktif,Ada,50.0,1
49,Dedi,4326176.0,5.0,3.02,3.0,18.0,Yatim,Aktif,Tidak Ada,64.0,2
50,Zaki,4846675.0,5.0,3.66,4.0,22.0,Yatim,Aktif,Ada,81.0,2
51,Nina,1954480.0,7.0,3.49,1.0000000000000004,24.0,Yatim Piatu,Aktif,Tidak Ada,58.0,0
52,Rani,3332811.0,5.0,2.78,1.0000000000000004,20.0,Yatim,Aktif,Tidak Ada,64.0,0
53,Ika,3486830.0,3.0,2.76,8.0,20.0,Lengkap,Aktif,Tidak Ada,77.0,1
54,Udin,1854016.0,4.0,2.65,3.0,22.0,Yatim Piatu,Aktif,Tidak Ada,73.0,0
55,Budi,2153113.0,6.0,3.49,5.0,23.0,Piatu,Tidak Aktif,Ada,84.0,0
56,Tari,1864909.0,3.0,3.65,2.0,23.0,Piatu,Tidak Aktif,Tidak Ada,71.0,0
57,Omar,3339135.0,1.0,2.9,3.0,18.0,Yatim,Aktif,Tidak Ada,76.0,2
58,Gita,2615397.0,5.0,2.53,7.0,19.0,Yatim Piatu,Aktif,Ada,68.0,1
59,Lukman,1788260.0,3.0,2.62,4.0,20.0,Yatim Piatu,Aktif,Ada,94.0,0
60,Hendra,2050493.0,3.0,3.95,4.0,19.0,Piatu,Tidak Aktif,Tidak Ada,61.0,2
61,Omar,1282762.0,1.0,2.94,6.0,23.0,Yatim Piatu,Tidak Aktif,Ada,69.0,0
62,Citra,2605118.0,2.0,3.65,1.0000000000000004,23.0,Yatim Piatu,Aktif,Ada,50.0,0
63,Nina,3883427.0,4.0,3.44,8.0,21.0,Yatim Piatu,Tidak Aktif,Ada,70.0,1
64,Qori,2416012.0,6.0,3.07,4.0,24.0,Yatim,Aktif,Tidak Ada,98.0,0
65,Dedi,2558506.0,7.0,2.81,3.0,18.0,Yatim Piatu,Aktif,Ada,94.0,0
66,Rani,1571649.9999999998,2.0,2.68,4.0,21.0,Lengkap,Aktif,Tidak Ada,50.0,0
67,Hendra,1282272.0,5.0,3.42,8.0,24.0,Yatim,Aktif,Tidak Ada,59.0,1
68,Dedi,1385925.0,3.0,3.66,8.0,21.0,Yatim Piatu,Tidak Aktif,Tidak Ada,96.0,1
69,Budi,3863793.0,1.0,3.47,8.0,21.0,Yatim Piatu,Tidak Aktif,Tidak Ada,81.0,1
70,Fajar,1714743.0000000002,1.0,3.3,3.0,18.0,Lengkap,Aktif,Ada,88.0,2
71,Vina,3686985.0,4.0,2.56,2.0,18.0,Yatim,Tidak Aktif,Tidak Ada,71.0,2
72,Joko,4227908.0,2.0,3.95,6.0,22.0,Piatu,Tidak Aktif,Ada,67.0,2
73,Dedi,4757974.0,7.0,3.7,1.0000000000000004,19.0,Piatu,Aktif,Tidak Ada,97.0,2
74,Vina,1403081.0,4.0,2.94,4.0,19.0,Yatim,Tidak Aktif,Ada,95.0,0
75,Rani,4016875.0,3.0,3.97,3.0,22.0,Yatim Piatu,Aktif,Tidak Ada,81.0,2
76,Lukman,3399105.0,4.0,3.4,5.0,22.0,Yatim Piatu,Aktif,Ada,76.0,1
77,Budi,1378892.0,6.0,3.37,1.0000000000000004,23.0,Piatu,Aktif,Tidak Ada,77.0,0
78,Joko,1005287.0,1.0,3.62,2.0,24.0,Piatu,Aktif,Tidak Ada,67.0,0
79,Dedi,2306241.0,1.0,3.72,3.0,21.0,Piatu,Tidak Aktif,Ada,88.0,2
80,Nina,4154240.0,5.0,3.48,7.0,22.0,Lengkap,Aktif,Tidak Ada,98.0,1
81,Putu,1656702.0,5.0,2.69,7.0,20.0,Piatu,Tidak Aktif,Tidak Ada,78.0,1
82,Omar,4602020.0,7.0,3.01,6.0,19.0,Lengkap,Aktif,Tidak Ada,67.0,1
83,Hendra,4254600.0,3.0,3.89,6.0,22.0,Yatim,Aktif,Ada,93.0,2
84,Nina,2985296.0,6.0,2.84,2.0,20.0,Yatim Piatu,Tidak Aktif,Tidak Ada,57.0,0
85,Wawan,3083592.0,2.0,3.06,2.0,20.0,Piatu,Aktif,Tidak Ada,80.0,2
86,Zaki,4917770.0,4.0,3.15,6.0,20.0,Yatim Piatu,Tidak Aktif,Ada,83.0,1
87,Hendra,3190222.0,7.0,3.16,4.0,23.0,Yatim Piatu,Tidak Aktif,Ada,56.0,0
88,Udin,4749783.0,3.0,3.42,4.0,23.0,Piatu,Aktif,Ada,85.0,2
89,Putu,3719269.0,5.0,3.91,3.0,20.0,Piatu,Aktif,Ada,67.0,2
90,Maya,4041270.0,4.0,2.86,5.0,24.0,Yatim,Aktif,Ada,87.0,0
91,Rani,2478050.0,5.0,2.68,3.0,23.0,Lengkap,Aktif,Tidak Ada,58.0,0
92,Omar,2011293.0,4.0,2.8,5.0,21.0,Lengkap,Aktif,Tidak Ada,58.0,0
93,Udin,2090654.0,2.0,3.83,2.0,20.0,Yatim Piatu,Aktif,Tidak Ada,95.0,2
94,Yani,4514160.0,3.0,3.47,1.0000000000000004,21.0,Piatu,Tidak Aktif,Ada,57.0,2
95,Zaki,1607811.9999999998,4.0,2.93,3.0,21.0,Yatim,Tidak Aktif,Tidak Ada,100.0,0
96,Maya,3324797.0,6.0,3.72,3.0,20.0,Yatim,Aktif,Ada,84.0,2
97,Ika,4682235.0,7.0,3.79,5.0,19.0,Yatim,Tidak Aktif,Ada,67.0,2
98,Omar,1786667.0,1.0,3.77,8.0,24.0,Yatim,Tidak Aktif,Tidak Ada,54.0,1
99,Maya,2353649.0,6.0,3.88,2.0,20.0,Yatim,Aktif,Ada,63.0,2
100,Aisyah,2175885.0,6.0,2.88,2.0,20.0,Lengkap,Aktif,Ada,77.0,0
101,Zaki,2378164.0,7.0,3.63,7.0,23.0,Lengkap,Tidak Aktif,Tidak Ada,79.0,1
102,Gita,2712503.0,1.0,3.19,8.0,20.0,Lengkap,Aktif,Ada,53.0,1
103,Ika,3985418.0,6.0,3.76,5.0,19.0,Piatu,Tidak Aktif,Ada,88.0,2
104,Yani,4609736.0,4.0,3.59,2.0,23.0,Yatim Piatu,Aktif,Tidak Ada,69.0,2
105,Aisyah,4866529.0,4.0,3.66,8.0,18.0,Yatim,Tidak Aktif,Ada,74.0,1
106,Lukman,3443851.0,4.0,3.48,6.0,18.0,Piatu,Tidak Aktif,Ada,77.0,2
107,Hendra,2384418.0,1.0,2.77,8.0,21.0,Yatim,Tidak Aktif,Tidak Ada,61.0,1
108,Yani,1386594.0000000002,6.0,3.32,4.0,24.0,Lengkap,Tidak Aktif,Tidak Ada,51.0,0
109,Kartini,3869760.0,1.0,3.98,7.0,21.0,Piatu,Aktif,Tidak Ada,92.0,1
110,Sandi,4806503.0,4.0,3.91,6.0,19.0,Lengkap,Aktif,Tidak Ada,63.0,2
111,Qori,4837247.0,7.0,2.56,1.0000000000000004,22.0,Yatim,Tidak Aktif,Ada,71.0,0
112,Hendra,2092501.0,6.0,2.75,3.0,24.0,Yatim,Tidak Aktif,Ada,80.0,0
113,Citra,2044027.0,6.0,2.7,7.0,18.0,Yatim Piatu,Aktif,Tidak Ada,72.0,1
114,Citra,1137023.0,5.0,3.59,1.0000000000000004,21.0,Yatim,Aktif,Ada,97.0,0
115,Aisyah,2135964.0,5.0,3.73,3.0,18.0,Lengkap,Tidak Aktif,Ada,69.0,2
116,Eka,1532295.0,2.0,2.82,4.0,19.0,Yatim,Tidak Aktif,Tidak Ada,87.0,0
117,Joko,4403530.0,3.0,3.26,8.0,19.0,Yatim Piatu,Tidak Aktif,Tidak Ada,53.0,1
118,Gita,2483624.0,5.0,3.76,2.0,22.0,Yatim Piatu,Tidak Aktif,Ada,64.0,2
119,Ika,3155748.0,1.0,3.6,6.0,22.0,Lengkap,Tidak Aktif,Tidak Ada,73.0,1
120,Gita,2956109.0,5.0,3.31,5.0,23.0,Piatu,Aktif,Tidak Ada,74.0,0
121,Ika,4045179.0,2.0,3.39,6.0,24.0,Yatim,Tidak Aktif,Tidak Ada,50.0,1
122,Hendra,3448157.0,6.0,3.26,4.0,19.0,Yatim Piatu,Aktif,Ada,56.0,2
123,Lukman,4925282.0,2.0,2.95,1.0000000000000004,21.0,Yatim,Aktif,Tidak Ada,80.0,2
124,Budi,1873172.0,6.0,3.35,5.0,18.0,Yatim,Aktif,Ada,61.0,1
125,Aisyah,4685540.0,7.0,3.53,2.0,20.0,Piatu,Tidak Aktif,Ada,91.0,2
126,Putu,1522244.0,7.0,3.81,4.0,22.0,Yatim Piatu,Aktif,Ada,54.0,0
127,Wawan,2461074.0,6.0,3.45,5.0,20.0,Yatim,Aktif,Tidak Ada,93.0,1
128,Wawan,1679290.0,3.0,3.64,4.0,21.0,Yatim Piatu,Aktif,Tidak Ada,99.0,0
129,Yani,3596249.0,5.0,2.74,8.0,22.0,Lengkap,Aktif,Tidak Ada,91.0,1
130,Eka,3746941.0,1.0,3.19,4.0,20.0,Lengkap,Tidak Aktif,Tidak Ada,87.0,2
131,Citra,2855619.0,1.0,2.51,2.0,24.0,Yatim,Tidak Aktif,Tidak Ada,61.0,0
132,Lukman,4293784.0,4.0,2.87,7.0,21.0,Yatim Piatu,Aktif,Ada,88.0,1
133,Hendra,2062636.0,6.0,3.59,3.0,18.0,Yatim,Aktif,Ada,67.0,2
134,Vina,2786921.0,1.0,3.99,5.0,24.0,Yatim Piatu,Tidak Aktif,Ada,51.0,2
135,Citra,4623000.0,3.0,2.65,8.0,21.0,Yatim Piatu,Tidak Aktif,Tidak Ada,59.0,1
136,Aisyah,2567121.0,6.0,3.1,2.0,23.0,Piatu,Tidak Aktif,Ada,64.0,0
137,Citra,1829735.0,3.0,3.7,4.0,22.0,Piatu,Aktif,Ada,79.0,0
138,Eka,4336007.0,1.0,2.81,8.0,19.0,Piatu,Tidak Aktif,Tidak Ada,93.0,1
139,Omar,3827558.0,1.0,3.33,2.0,18.0,Yatim,Aktif,Tidak Ada,66.0,2
140,Nina,4830375.0,4.0,3.6,7.0,24.0,Piatu,Aktif,Ada,53.0,1
141,Citra,2088287.0,1.0,3.42,8.0,24.0,Piatu,Tidak Aktif,Ada,56.0,1
142,Aisyah,4288754.0,6.0,2.78,8.0,20.0,Lengkap,Aktif,Tidak Ada,90.0,1
143,Eka,1335484.0,7.0,3.03,3.0,22.0,Yatim Piatu,Tidak Aktif,Tidak Ada,80.0,0
144,Wawan,3562469.0,6.0,3.68,6.0,19.0,Yatim Piatu,Aktif,Tidak Ada,100.0,1
145,Nina,4086176.0,6.0,3.33,5.0,21.0,Piatu,Tidak Aktif,Tidak Ada,88.0,1
146,Gita,3315286.0,4.0,2.51,3.0,19.0,Yatim Piatu,Aktif,Ada,83.0,0
147,Ika,2151550.0,4.0,3.64,1.0000000000000004,22.0,Lengkap,Aktif,Ada,55.0,0
148,Omar,4295374.0,1.0,2.55,5.0,22.0,Lengkap,Tidak Aktif,Tidak Ada,99.0,1
149,Omar,2450976.0,2.0,3.62,3.0,23.0,Piatu,Tidak Aktif,Ada,87.0,0
150,Joko,4295896.0,2.0,2.8,4.0,23.0,Lengkap,Tidak Aktif,Ada,94.0,0
151,Maya,4737744.0,4.0,3.94,5.0,19.0,Yatim Piatu,Tidak Aktif,Tidak Ada,100.0,2
152,Sandi,1689376.0,1.0,3.05,5.0,21.0,Yatim,Aktif,Ada,83.0,0
153,Gita,4681262.0,2.0,2.99,2.0,19.0,Yatim Piatu,Tidak Aktif,Ada,93.0,2
154,Qori,1438774.0,1.0,2.72,4.0,22.0,Yatim,Tidak Aktif,Ada,64.0,0
155,Tari,3609089.0,1.0,2.96,1.0000000000000004,22.0,Piatu,Aktif,Tidak Ada,63.0,0
156,Dedi,3508749.0,1.0,3.81,6.0,20.0,Yatim,Tidak Aktif,Tidak Ada,55.0,2
157,Eka,1914228.0,5.0,3.99,8.0,23.0,Lengkap,Tidak Aktif,Ada,99.0,1
158,Wawan,1953959.0,6.0,3.05,7.0,20.0,Yatim Piatu,Aktif,Tidak Ada,86.0,1
159,Gita,3189415.0,1.0,3.17,3.0,18.0,Yatim,Tidak Aktif,Tidak Ada,99.0,2
160,Maya,1921522.0,5.0,3.58,2.0,22.0,Yatim Piatu,Tidak Aktif,Tidak Ada,81.0,0
161,Omar,4681318.0,4.0,3.83,3.0,20.0,Piatu,Tidak Aktif,Ada,52.0,2
162,Kartini,3951090.0,2.0,3.39,1.0000000000000004,19.0,Piatu,Tidak Aktif,Ada,52.0,2
163,Dedi,4711173.0,6.0,3.09,8.0,23.0,Lengkap,Tidak Aktif,Tidak Ada,71.0,1
164,Maya,2627781.0,7.0,3.12,1.0000000000000004,23.0,Piatu,Tidak Aktif,Ada,71.0,0
165,Gita,4369538.0,2.0,3.54,5.0,21.0,Yatim,Aktif,Ada,59.0,2
166,Sandi,4242374.0,6.0,2.5,7.0,19.0,Piatu,Tidak Aktif,Ada,100.0,1
167,Vina,1345266.0,7.0,3.43,1.0000000000000004,21.0,Lengkap,Aktif,Ada,52.0,0
168,Budi,4956679.0,2.0,3.03,3.0,20.0,Yatim Piatu,Aktif,Ada,61.0,2
169,Joko,2538601.0,6.0,3.69,4.0,24.0,Yatim Piatu,Aktif,Tidak Ada,78.0,0
170,Maya,3577855.0,2.0,2.64,4.0,18.0,Piatu,Aktif,Ada,97.0,2
171,Zaki,4071475.0,2.0,3.38,5.0,19.0,Yatim,Tidak Aktif,Ada,66.0,2
172,Udin,1343054.0,7.0,3.22,6.0,19.0,Lengkap,Tidak Aktif,Ada,56.0,1
173,Fajar,4004014.0,2.0,3.46,3.0,19.0,Yatim,Tidak Aktif,Tidak Ada,62.0,2
174,Lukman,2316128.0,2.0,2.6,3.0,21.0,Lengkap,Aktif,Tidak Ada,51.0,0
175,Lukman,2107955.0,7.0,3.37,1.0000000000000004,20.0,Piatu,Tidak Aktif,Tidak Ada,53.0,0
176,Tari,2073629.0,4.0,3.34,7.0,19.0,Lengkap,Tidak Aktif,Ada,59.0,1
177,Kartini,2451238.0,1.0,3.34,3.0,24.0,Lengkap,Tidak Aktif,Tidak Ada,88.0,0
178,Wawan,4802010.0,3.0,3.41,2.0,19.0,Piatu,Aktif,Tidak Ada,73.0,2
179,Zaki,3195875.0,5.0,3.51,6.0,23.0,Yatim,Aktif,Tidak Ada,66.0,1
180,Gita,3672796.0,3.0,3.71,1.0000000000000004,18.0,Piatu,Tidak Aktif,Tidak Ada,55.0,2
181,Aisyah,2321509.0,3.0,2.9,2.0,23.0,Lengkap,Aktif,Ada,68.0,0
182,Aisyah,2932728.0,6.0,3.74,5.0,23.0,Piatu,Aktif,Tidak Ada,54.0,1
183,Zaki,1853088.0,1.0,3.25,4.0,18.0,Lengkap,Tidak Aktif,Tidak Ada,81.0,2
184,Zaki,4976188.0,6.0,2.62,5.0,24.0,Piatu,Aktif,Ada,59.0,0
185,Tari,2899492.0,1.0,2.59,4.0,20.0,Yatim Piatu,Aktif,Ada,58.0,0
186,Maya,2080730.0,7.0,3.0,5.0,23.0,Yatim Piatu,Tidak Aktif,Tidak Ada,76.0,0
187,Ika,4359670.0,7.0,3.68,3.0,20.0,Piatu,Aktif,Ada,62.0,2
188,Citra,3361632.0,1.0,3.56,2.0,23.0,Yatim,Aktif,Tidak Ada,68.0,2
189,Gita,2414397.0,2.0,3.68,4.0,22.0,Lengkap,Aktif,Ada,70.0,2
190,Fajar,2902787.0,4.0,3.28,1.0000000000000004,18.0,Yatim Piatu,Aktif,Ada,73.0,2
191,Hendra,3378325.0,2.0,3.16,2.0,23.0,Yatim,Aktif,Tidak Ada,87.0,0
192,Ika,1845633.0,4.0,2.72,1.0000000000000004,22.0,Lengkap,Aktif,Ada,53.0,0
193,Eka,4177993.0,6.0,2.99,2.0,21.0,Yatim Piatu,Aktif,Tidak Ada,73.0,0
194,Aisyah,4510788.0,4.0,3.15,2.0,22.0,Yatim Piatu,Aktif,Ada,84.0,2
195,Sandi,4389050.0,6.0,2.63,5.0,19.0,Piatu,Tidak Aktif,Tidak Ada,52.0,1
196,Joko,4131209.0,7.0,2.83,4.0,23.0,Lengkap,Tidak Aktif,Ada,53.0,0
197,Lukman,2223520.0,3.0,3.4,4.0,22.0,Yatim,Tidak Aktif,Ada,86.0,0
198,Yani,2619061.0,7.0,3.6,7.0,20.0,Yatim,Tidak Aktif,Ada,89.0,1
199,Omar,2496972.0,7.0,4.0,2.0,21.0,Yatim,Aktif,Ada,97.0,2
200,Vina,2203358.0,3.0,3.9,3.0,24.0,Lengkap,Tidak Aktif,Ada,84.0,0
201,Yani,4830574.0,4.0,3.46,3.0,23.0,Yatim,Tidak Aktif,Tidak Ada,80.0,2
202,Ika,4217635.0,4.0,3.13,1.0000000000000004,19.0,Yatim,Aktif,Ada,93.0,2
203,Tari,3300119.0,6.0,3.45,1.0000000000000004,24.0,Yatim,Aktif,Tidak Ada,74.0,0
204,Qori,2899443.0,2.0,3.68,5.0,22.0,Piatu,Aktif,Tidak Ada,89.0,2
205,Qori,4448503.0,6.0,2.68,2.0,24.0,Piatu,Aktif,Tidak Ada,62.0,0
206,Tari,2439758.0,2.0,3.11,1.0000000000000004,24.0,Lengkap,Aktif,Ada,53.0,0
207,Lukman,2805468.0,7.0,3.76,1.0000000000000004,21.0,Lengkap,Tidak Aktif,Tidak Ada,95.0,2
208,Gita,4427975.0,3.0,3.08,6.0,24.0,Yatim,Aktif,Ada,63.0,1
209,Budi,3161924.0,7.0,3.36,2.0,24.0,Piatu,Tidak Aktif,Tidak Ada,62.0,0
210,Citra,1126107.9999999998,1.0,3.38,8.0,23.0,Yatim Piatu,Tidak Aktif,Tidak Ada,76.0,1
211,Qori,4160110.0,4.0,2.78,5.0,21.0,Yatim Piatu,Aktif,Tidak Ada,55.0,1
212,Eka,4230019.0,2.0,3.04,1.0000000000000004,19.0,Yatim,Tidak Aktif,Tidak Ada,66.0,2
213,Qori,3460491.0,6.0,3.0,5.0,22.0,Yatim,Tidak Aktif,Tidak Ada,85.0,1
214,Yani,2707692.0,3.0,2.54,4.0,21.0,Piatu,Aktif,Ada,89.0,0
215,Qori,2331329.0,2.0,2.54,5.0,21.0,Piatu,Tidak Aktif,Tidak Ada,98.0,0
216,Qori,3080154.0,6.0,3.75,8.0,18.0,Piatu,Tidak Aktif,Tidak Ada,84.0,1
217,Budi,3244702.0,4.0,2.91,3.0,21.0,Lengkap,Tidak Aktif,Ada,66.0,0
218,Budi,4377778.0,7.0,3.28,8.0,18.0,Lengkap,Aktif,Ada,90.0,1
219,Vina,3530034.0,4.0,2.95,3.0,22.0,Yatim,Aktif,Ada,51.0,0
220,Wawan,1337827.0,5.0,3.91,5.0,24.0,Lengkap,Aktif,Tidak Ada,62.0,0
221,Eka,4144995.0,1.0,2.89,3.0,23.0,Piatu,Tidak Aktif,Tidak Ada,51.0,0
222,Aisyah,2540889.0,5.0,3.14,4.0,23.0,Piatu,Aktif,Tidak Ada,77.0,0
223,Aisyah,4532586.0,3.0,3.81,2.0,22.0,Lengkap,Tidak Aktif,Tidak Ada,92.0,2
224,Sandi,2703194.0,2.0,3.76,3.0,22.0,Yatim Piatu,Aktif,Tidak Ada,75.0,2
225,Budi,3692755.0,3.0,2.78,3.0,20.0,Yatim,Tidak Aktif,Tidak Ada,71.0,2
226,Udin,1388349.0,7.0,3.7,5.0,24.0,Yatim Piatu,Aktif,Ada,96.0,0
227,Lukman,2062729.0,6.0,3.19,4.0,22.0,Yatim,Aktif,Ada,92.0,0
228,Fajar,4124071.0,4.0,3.22,7.0,21.0,Yatim Piatu,Tidak Aktif,Tidak Ada,52.0,1
229,Wawan,2649189.0,5.0,2.7,7.0,23.0,Lengkap,Aktif,Tidak Ada,84.0,1
230,Dedi,4386501.0,5.0,2.62,7.0,19.0,Yatim,Tidak Aktif,Tidak Ada,61.0,1
231,Wawan,2979079.0,7.0,3.59,7.0,23.0,Yatim,Aktif,Tidak Ada,73.0,1
232,Kartini,4201046.0,5.0,3.24,2.0,18.0,Yatim,Aktif,Tidak Ada,54.0,2
233,Yani,1394030.0,7.0,3.16,8.0,23.0,Piatu,Tidak Aktif,Ada,69.0,1
234,Qori,4522905.0,3.0,3.59,5.0,20.0,Piatu,Tidak Aktif,Ada,88.0,2
235,Fajar,1076077.0,4.0,3.65,5.0,24.0,Yatim Piatu,Tidak Aktif,Tidak Ada,88.0,0
236,Yani,3974058.0,2.0,2.74,6.0,22.0,Lengkap,Aktif,Ada,62.0,1
237,Eka,1133515.0,6.0,3.42,4.0,24.0,Piatu,Tidak Aktif,Tidak Ada,90.0,0
238,Tari,4090649.0,2.0,2.7,7.0,22.0,Yatim,Aktif,Tidak Ada,94.0,1
239,Budi,2255564.0,3.0,3.63,2.0,23.0,Piatu,Tidak Aktif,Tidak Ada,61.0,0
240,Fajar,2908327.0,6.0,3.49,4.0,19.0,Lengkap,Tidak Aktif,Ada,62.0,2
241,Vina,1125885.0,5.0,3.93,7.0,19.0,Piatu,Tidak Aktif,Ada,59.0,1
242,Kartini,1896209.0,1.0,2.6,2.0,20.0,Yatim,Tidak Aktif,Tidak Ada,82.0,0
243,Putu,1541656.0,3.0,2.59,4.0,18.0,Yatim Piatu,Tidak Aktif,Ada,89.0,0
244,Putu,1670688.0,3.0,2.92,5.0,23.0,Yatim,Tidak Aktif,Ada,65.0,0
245,Aisyah,3285166.0,4.0,2.89,5.0,22.0,Lengkap,Aktif,Tidak Ada,94.0,1
246,Ika,3188903.0,2.0,2.87,8.0,23.0,Yatim Piatu,Tidak Aktif,Ada,84.0,1
247,Fajar,1230203.0,3.0,3.86,1.0000000000000004,20.0,Piatu,Aktif,Ada,52.0,2
248,Putu,1813738.0000000002,3.0,2.87,8.0,21.0,Piatu,Tidak Aktif,Tidak Ada,54.0,1
249,Citra,3051531.0,5.0,2.91,3.0,21.0,Piatu,Tidak Aktif,Tidak Ada,75.0,0
250,Tari,3792427.0,5.0,3.64,8.0,20.0,Yatim Piatu,Tidak Aktif,Ada,60.0,1
251,Dedi,3920803.0,6.0,3.17,7.0,22.0,Yatim,Aktif,Tidak Ada,56.0,1
252,Sandi,4357679.0,7.0,3.67,6.0,24.0,Yatim Piatu,Aktif,Ada,59.0,1
253,Citra,2553731.0,7.0,2.6,4.0,20.0,Yatim Piatu,Tidak Aktif,Tidak Ada,91.0,0
254,Sandi,1195716.0,1.0,3.23,6.0,22.0,Lengkap,Aktif,Tidak Ada,83.0,1
255,Tari,3681719.0,7.0,2.55,1.0000000000000004,19.0,Yatim Piatu,Tidak Aktif,Tidak Ada,52.0,0
256,Gita,3412324.0,4.0,2.59,3.0,20.0,Piatu,Tidak Aktif,Tidak Ada,57.0,0
257,Tari,1890695.0,1.0,3.86,4.0,22.0,Yatim,Aktif,Ada,80.0,2
258,Ika,1000126.0,6.0,2.71,2.0,20.0,Yatim,Aktif,Tidak Ada,60.0,0
259,Aisyah,1838761.0,5.0,3.3,7.0,20.0,Yatim,Aktif,Tidak Ada,94.0,1
260,Hendra,4173360.0,7.0,3.12,3.0,24.0,Piatu,Aktif,Tidak Ada,56.0,0
261,Gita,1500315.0,2.0,3.02,5.0,24.0,Piatu,Tidak Aktif,Ada,94.0,0
262,Rani,2769246.0,5.0,3.85,1.0000000000000004,22.0,Piatu,Aktif,Ada,51.0,2
263,Hendra,2158521.0,4.0,2.53,3.0,22.0,Piatu,Aktif,Tidak Ada,55.0,0
264,Aisyah,3414472.0,5.0,3.5,7.0,18.0,Piatu,Tidak Aktif,Tidak Ada,90.0,1
265,Kartini,2299445.0,4.0,3.95,8.0,20.0,Yatim Piatu,Aktif,Tidak Ada,81.0,1
266,Zaki,1741426.0,4.0,3.34,3.0,21.0,Piatu,Aktif,Tidak Ada,69.0,0
267,Zaki,1498716.0,4.0,3.91,8.0,20.0,Piatu,Aktif,Tidak Ada,83.0,1
268,Rani,4141069.0,6.0,2.58,7.0,20.0,Piatu,Aktif,Tidak Ada,99.0,1
269,Wawan,4321127.0,4.0,3.13,5.0,22.0,Piatu,Tidak Aktif,Ada,65.0,1
270,Joko,3559272.0,4.0,2.89,4.0,20.0,Yatim,Tidak Aktif,Tidak Ada,74.0,2
271,Citra,4280597.0,2.0,3.6,2.0,23.0,Piatu,Aktif,Tidak Ada,61.0,2
272,Gita,3276106.0,1.0,3.97,5.0,20.0,Yatim Piatu,Aktif,Tidak Ada,56.0,2
273,Putu,3766230.0,3.0,2.88,8.0,23.0,Yatim Piatu,Tidak Aktif,Tidak Ada,88.0,1
274,Putu,4180288.0,1.0,3.48,8.0,24.0,Yatim Piatu,Aktif,Tidak Ada,66.0,1
275,Zaki,3381412.0,4.0,2.8,2.0,21.0,Lengkap,Aktif,Tidak Ada,94.0,0
276,Tari,3002324.0,2.0,3.35,4.0,22.0,Yatim,Aktif,Ada,60.0,2
277,Qori,3067801.0,5.0,3.2,3.0,20.0,Piatu,Aktif,Ada,55.0,2
278,Budi,1132717.0,2.0,3.96,2.0,23.0,Lengkap,Aktif,Ada,72.0,0
279,Aisyah,4324323.0,4.0,3.41,1.0000000000000004,23.0,Piatu,Aktif,Ada,76.0,2
280,Putu,3745525.0,2.0,3.02,1.0000000000000004,24.0,Lengkap,Aktif,Ada,95.0,0
281,Lukman,3477014.0,7.0,2.67,7.0,23.0,Lengkap,Aktif,Ada,55.0,1
282,Eka,4951416.0,2.0,2.73,5.0,19.0,Yatim Piatu,Aktif,Tidak Ada,87.0,2
283,Eka,1494592.0,4.0,2.84,8.0,18.0,Yatim Piatu,Tidak Aktif,Tidak Ada,51.0,1
284,Wawan,4245886.0,6.0,2.88,4.0,21.0,Lengkap,Tidak Aktif,Tidak Ada,71.0,0
285,Ika,4854261.0,7.0,3.78,7.0,24.0,Yatim Piatu,Tidak Aktif,Tidak Ada,69.0,1
286,Ika,2217078.0,2.0,3.34,5.0,24.0,Lengkap,Aktif,Tidak Ada,74.0,0
287,Citra,4578226.0,3.0,3.29,5.0,20.0,Yatim,Aktif,Tidak Ada,64.0,2
288,Sandi,2954727.0,3.0,2.67,7.0,19.0,Yatim Piatu,Tidak Aktif,Ada,98.0,1
289,Putu,3029454.0,2.0,3.79,6.0,20.0,Yatim Piatu,Aktif,Tidak Ada,78.0,2
290,Putu,3427540.0,6.0,3.58,5.0,20.0,Yatim Piatu,Tidak Aktif,Ada,57.0,2
291,Citra,2715630.0,5.0,2.6,6.0,22.0,Yatim,Aktif,Ada,86.0,1
292,Tari,1318408.0,4.0,3.56,1.0000000000000004,22.0,Lengkap,Tidak Aktif,Tidak Ada,98.0,0
293,Yani,1468276.0,3.0,3.32,1.0000000000000004,22.0,Piatu,Tidak Aktif,Tidak Ada,82.0,0
294,Vina,2014920.0,5.0,2.62,5.0,19.0,Yatim Piatu,Tidak Aktif,Tidak Ada,71.0,1
295,Yani,3154697.0,2.0,3.19,1.0000000000000004,20.0,Lengkap,Aktif,Tidak Ada,99.0,2
296,Aisyah,1511411.0,5.0,3.23,4.0,18.0,Yatim,Tidak Aktif,Tidak Ada,96.0,2
297,Yani,3922808.0,7.0,2.75,6.0,21.0,Piatu,Aktif,Tidak Ada,54.0,1
298,Tari,4117172.0,1.0,3.92,6.0,22.0,Yatim Piatu,Aktif,Tidak Ada,88.0,2
299,Kartini,1884377.0,3.0,3.77,5.0,22.0,Yatim,Aktif,Ada,67.0,1
300,Qori,3110376.0,2.0,3.5,1.0000000000000004,24.0,Yatim,Aktif,Tidak Ada,87.0,0
301,Hendra,1040738.0,4.0,3.19,2.0,20.0,Piatu,Aktif,Tidak Ada,86.0,0
302,Dedi,4039806.0,6.0,3.12,8.0,20.0,Lengkap,Aktif,Ada,79.0,1
303,Fajar,2898739.0,7.0,3.48,7.0,19.0,Yatim Piatu,Aktif,Tidak Ada,100.0,1
304,Hendra,2229336.0,2.0,3.32,7.0,19.0,Yatim Piatu,Tidak Aktif,Tidak Ada,80.0,1
305,Tari,2017433.0,4.0,2.59,6.0,22.0,Lengkap,Tidak Aktif,Ada,59.0,0
306,Citra,4909706.0,6.0,3.27,5.0,20.0,Lengkap,Tidak Aktif,Tidak Ada,64.0,2
307,Putu,1466725.0000000002,6.0,3.71,5.0,18.0,Lengkap,Aktif,Tidak Ada,91.0,1
308,Zaki,3761089.0,2.0,3.19,4.0,21.0,Piatu,Aktif,Tidak Ada,97.0,2
309,Citra,4678086.0,7.0,2.58,3.0,20.0,Piatu,Aktif,Tidak Ada,93.0,0
310,Zaki,2174737.0,5.0,3.68,8.0,24.0,Yatim Piatu,Aktif,Tidak Ada,67.0,1
311,Rani,2581530.0,5.0,2.8,3.0,20.0,Piatu,Tidak Aktif,Tidak Ada,72.0,0
312,Nina,1844193.0,6.0,2.89,6.0,23.0,Yatim,Aktif,Ada,82.0,0
313,Rani,3087258.0,5.0,2.75,7.0,19.0,Yatim Piatu,Tidak Aktif,Tidak Ada,65.0,1
314,Budi,1298512.0,1.0,3.0,4.0,24.0,Piatu,Aktif,Tidak Ada,87.0,0
315,Vina,1662143.0,6.0,3.64,4.0,21.0,Lengkap,Tidak Aktif,Ada,84.0,0
316,Citra,3663354.0,6.0,3.28,4.0,22.0,Yatim,Aktif,Ada,83.0,0
317,Putu,2250155.0,4.0,2.81,6.0,24.0,Lengkap,Tidak Aktif,Tidak Ada,77.0,0
318,Ika,3749178.0,5.0,3.82,3.0,20.0,Yatim Piatu,Aktif,Ada,51.0,2
319,Dedi,1996530.0,7.0,3.82,7.0,22.0,Lengkap,Tidak Aktif,Tidak Ada,79.0,1
320,Aisyah,1771253.0,6.0,3.81,4.0,20.0,Piatu,Aktif,Tidak Ada,62.0,2
321,Dedi,3601623.0,7.0,2.86,7.0,22.0,Piatu,Tidak Aktif,Ada,90.0,1
322,Aisyah,3076696.0,1.0,3.18,1.0000000000000004,21.0,Yatim Piatu,Tidak Aktif,Tidak Ada,65.0,2
323,Nina,2378246.0,4.0,3.98,5.0,19.0,Lengkap,Aktif,Tidak Ada,54.0,2
324,Udin,3036915.0,2.0,3.66,5.0,21.0,Yatim Piatu,Tidak Aktif,Ada,77.0,2
325,Putu,3903540.0,7.0,2.54,7.0,23.0,Lengkap,Aktif,Ada,88.0,1
326,Tari,4364695.0,6.0,2.6,2.0,18.0,Yatim,Aktif,Ada,94.0,2
327,Yani,4978400.0,1.0,3.2,2.0,19.0,Piatu,Aktif,Ada,69.0,2
328,Hendra,1383152.0,3.0,3.86,6.0,21.0,Yatim Piatu,Tidak Aktif,Tidak Ada,73.0,1
329,Gita,1954652.0,1.0,3.31,6.0,23.0,Yatim,Tidak Aktif,Ada,76.0,1
330,Citra,3191422.0,1.0,3.25,5.0,18.0,Yatim,Aktif,Ada,79.0,2
331,Qori,2045482.0,4.0,2.66,1.0000000000000004,23.0,Yatim Piatu,Aktif,Ada,94.0,0
332,Aisyah,2839765.0,2.0,3.49,8.0,20.0,Yatim Piatu,Tidak Aktif,Ada,76.0,1
333,Putu,2591961.0,3.0,3.73,3.0,20.0,Yatim,Tidak Aktif,Ada,75.0,2
334,Lukman,2714331.0,5.0,3.07,3.0,22.0,Lengkap,Tidak Aktif,Tidak Ada,56.0,0
335,Sandi,4293041.0,5.0,3.66,6.0,19.0,Yatim,Aktif,Ada,91.0,2
336,Vina,2938900.0,7.0,3.95,1.0000000000000004,20.0,Yatim Piatu,Aktif,Tidak Ada,96.0,2
337,Wawan,3255920.0,1.0,2.81,6.0,24.0,Yatim,Aktif,Ada,87.0,1
338,Vina,2295302.0,4.0,3.28,8.0,23.0,Lengkap,Aktif,Ada,54.0,1
339,Nina,1570451.0,4.0,2.93,3.0,19.0,Piatu,Aktif,Ada,72.0,0
340,Fajar,1019816.0,5.0,3.69,7.0,24.0,Piatu,Tidak Aktif,Ada,77.0,1
341,Fajar,1967344.0,7.0,3.37,6.0,20.0,Yatim,Aktif,Ada,83.0,1
342,Maya,3855059.0,7.0,3.45,4.0,22.0,Lengkap,Tidak Aktif,Ada,64.0,2
343,Sandi,3412149.0,7.0,3.7,7.0,21.0,Piatu,Tidak Aktif,Ada,81.0,1
344,Vina,2204565.0,3.0,3.09,8.0,22.0,Yatim,Aktif,Ada,75.0,1
345,Hendra,2669595.0,2.0,3.87,8.0,24.0,Yatim,Tidak Aktif,Tidak Ada,97.0,1
346,Budi,4822654.0,3.0,3.3,6.0,18.0,Lengkap,Aktif,Ada,80.0,2
347,Udin,4352252.0,6.0,2.74,5.0,20.0,Yatim Piatu,Tidak Aktif,Tidak Ada,68.0,1
348,Aisyah,4732839.0,6.0,3.54,6.0,24.0,Yatim,Aktif,Ada,58.0,1
349,Omar,2038896.0,2.0,3.69,5.0,18.0,Yatim Piatu,Aktif,Tidak Ada,78.0,2
350,Aisyah,4297606.0,5.0,2.98,8.0,18.0,Yatim Piatu,Tidak Aktif,Ada,100.0,1
351,Eka,3828032.0,2.0,3.79,1.0000000000000004,23.0,Piatu,Aktif,Ada,88.0,2
352,Putu,2574623.0,4.0,3.86,8.0,19.0,Yatim Piatu,Tidak Aktif,Ada,53.0,1
353,Sandi,3878604.0,6.0,2.92,3.0,23.0,Lengkap,Aktif,Tidak Ada,52.0,0
354,Dedi,4580893.0,1.0,3.98,7.0,20.0,Piatu,Aktif,Tidak Ada,78.0,2
355,Citra,1133554.0,1.0,2.71,7.0,18.0,Piatu,Aktif,Tidak Ada,60.0,1
356,Qori,4956602.0,5.0,2.8,2.0,24.0,Piatu,Tidak Aktif,Tidak Ada,82.0,0
357,Qori,3548434.0,4.0,2.78,2.0,21.0,Yatim,Tidak Aktif,Ada,87.0,0
358,Lukman,4239229.0,3.0,3.84,8.0,18.0,Yatim,Aktif,Ada,60.0,1
359,Nina,1264223.0,4.0,3.48,3.0,24.0,Yatim Piatu,Tidak Aktif,Ada,76.0,0
360,Udin,2968797.0,1.0,2.73,2.0,21.0,Piatu,Aktif,Tidak Ada,82.0,0
361,Fajar,2108252.0,1.0,3.16,7.0,23.0,Piatu,Tidak Aktif,Ada,70.0,1
362,Citra,2790380.0,6.0,3.42,6.0,23.0,Lengkap,Tidak Aktif,Tidak Ada,88.0,1
363,Ika,4319260.0,4.0,2.63,1.0000000000000004,19.0,Yatim Piatu,Aktif,Tidak Ada,80.0,2
364,Eka,2663261.0,4.0,3.82,1.0000000000000004,24.0,Lengkap,Aktif,Tidak Ada,87.0,0
365,Yani,3694287.0,1.0,3.71,3.0,18.0,Yatim Piatu,Aktif,Tidak Ada,95.0,2
366,Qori,2666471.0,3.0,3.26,8.0,22.0,Yatim Piatu,Aktif,Tidak Ada,51.0,1
367,Nina,3317330.0,5.0,3.95,2.0,23.0,Yatim,Aktif,Ada,76.0,2
368,Udin,2198097.0,7.0,3.13,6.0,23.0,Yatim,Tidak Aktif,Tidak Ada,85.0,1
369,Citra,1426752.0,5.0,3.98,1.0000000000000004,19.0,Lengkap,Tidak Aktif,Tidak Ada,60.0,2
370,Aisyah,1588364.9999999998,4.0,3.5,1.0000000000000004,21.0,Yatim Piatu,Aktif,Ada,96.0,0
371,Tari,1824690.0,5.0,3.45,4.0,19.0,Piatu,Aktif,Tidak Ada,67.0,2
372,Udin,1703662.0,1.0,2.75,8.0,18.0,Yatim,Aktif,Tidak Ada,50.0,1
373,Wawan,2305585.0,1.0,3.82,4.0,24.0,Piatu,Tidak Aktif,Ada,84.0,0
374,Aisyah,2186293.0,4.0,3.14,7.0,20.0,Lengkap,Aktif,Ada,84.0,1
375,Citra,2430491.0,4.0,2.74,1.0000000000000004,20.0,Yatim,Aktif,Ada,80.0,0
376,Rani,3659440.0,7.0,2.52,3.0,24.0,Yatim,Tidak Aktif,Tidak Ada,77.0,0
377,Zaki,2599601.0,7.0,3.34,5.0,21.0,Yatim Piatu,Tidak Aktif,Ada,88.0,1
378,Joko,4943645.0,6.0,3.29,5.0,23.0,Lengkap,Tidak Aktif,Ada,50.0,1
379,Vina,1300709.0,4.0,3.58,6.0,21.0,Yatim Piatu,Tidak Aktif,Ada,74.0,1
380,Citra,4040178.0,3.0,3.84,1.0000000000000004,23.0,Yatim,Aktif,Tidak Ada,92.0,2
381,Hendra,2900163.0,5.0,2.62,1.0000000000000004,23.0,Lengkap,Tidak Aktif,Ada,87.0,0
382,Nina,2234816.0,4.0,3.6,7.0,20.0,Yatim,Tidak Aktif,Tidak Ada,69.0,1
383,Yani,2625351.0,2.0,2.78,1.0000000000000004,21.0,Lengkap,Aktif,Tidak Ada,52.0,0
384,Rani,2964956.0,6.0,3.79,3.0,19.0,Yatim,Aktif,Ada,100.0,2
385,Omar,2323062.0,2.0,3.73,4.0,23.0,Piatu,Aktif,Tidak Ada,51.0,0
386,Vina,4448678.0,1.0,3.31,1.0000000000000004,22.0,Piatu,Tidak Aktif,Tidak Ada,67.0,2
387,Wawan,2359490.0,7.0,3.57,1.0000000000000004,22.0,Yatim Piatu,Aktif,Ada,93.0,0
388,Budi,2127199.0,5.0,2.97,7.0,19.0,Piatu,Tidak Aktif,Tidak Ada,59.0,1
389,Joko,4511049.0,4.0,3.21,8.0,22.0,Yatim,Tidak Aktif,Ada,54.0,1
390,Budi,2017289.0,2.0,3.73,2.0,18.0,Yatim,Tidak Aktif,Tidak Ada,58.0,2
391,Qori,2910637.0,5.0,3.19,8.0,23.0,Piatu,Aktif,Tidak Ada,51.0,1
392,Hendra,1907425.0,1.0,3.04,7.0,19.0,Yatim Piatu,Tidak Aktif,Ada,83.0,1
393,Aisyah,3280827.0,7.0,3.24,8.0,21.0,Piatu,Aktif,Ada,87.0,1
394,Ika,2785910.0,3.0,3.74,7.0,23.0,Lengkap,Aktif,Tidak Ada,80.0,1
395,Kartini,4775963.0,6.0,3.0,3.0,19.0,Lengkap,Aktif,Tidak Ada,59.0,2
396,Vina,4958559.0,5.0,2.76,6.0,20.0,Lengkap,Tidak Aktif,Ada,99.0,1
397,Putu,1652465.0,5.0,3.57,1.0000000000000004,21.0,Piatu,Tidak Aktif,Tidak Ada,61.0,0
398,Gita,4362182.0,3.0,3.74,7.0,20.0,Piatu,Tidak Aktif,Tidak Ada,85.0,1
399,Joko,4095900.0,5.0,2.65,7.0,23.0,Piatu,Aktif,Tidak Ada,70.0,1
400,Wawan,4255303.0,1.0,2.86,2.0,21.0,Lengkap,Tidak Aktif,Tidak Ada,98.0,2
401,Citra,4130176.0,1.0,2.71,7.0,22.0,Yatim Piatu,Tidak Aktif,Ada,96.0,1
402,Rani,2256182.0,3.0,3.02,5.0,19.0,Yatim,Tidak Aktif,Ada,55.0,1
403,Zaki,3602967.0,6.0,3.18,6.0,23.0,Piatu,Tidak Aktif,Ada,97.0,1
404,Yani,4438550.0,4.0,3.62,1.0000000000000004,18.0,Yatim Piatu,Tidak Aktif,Ada,98.0,2
405,Maya,1076218.0,2.0,3.48,1.0000000000000004,21.0,Yatim,Aktif,Ada,52.0,0
406,Gita,3684670.0,4.0,3.43,2.0,21.0,Yatim,Aktif,Ada,59.0,2
407,Zaki,1770044.0,5.0,3.03,3.0,24.0,Yatim,Aktif,Tidak Ada,54.0,0
408,Dedi,2384775.0,2.0,3.76,1.0000000000000004,23.0,Yatim Piatu,Aktif,Ada,95.0,0
409,Maya,3546741.0,3.0,3.21,5.0,23.0,Yatim Piatu,Tidak Aktif,Tidak Ada,75.0,1
410,Tari,2735416.0,3.0,3.97,1.0000000000000004,20.0,Lengkap,Aktif,Tidak Ada,70.0,2
411,Aisyah,1478446.0,6.0,3.45,5.0,24.0,Yatim Piatu,Tidak Aktif,Tidak Ada,94.0,0
412,Hendra,1462052.0,2.0,2.69,6.0,22.0,Yatim Piatu,Aktif,Ada,75.0,0
413,Nina,4480130.0,1.0,3.51,6.0,20.0,Yatim Piatu,Aktif,Tidak Ada,87.0,2
414,Putu,4185714.0,2.0,2.99,4.0,24.0,Yatim,Aktif,Ada,93.0,0
415,Nina,2728096.0,5.0,3.53,4.0,20.0,Piatu,Tidak Aktif,Tidak Ada,75.0,2
416,Lukman,1347739.0000000002,1.0,2.6,5.0,22.0,Lengkap,Tidak Aktif,Tidak Ada,57.0,0
417,Sandi,4771374.0,7.0,2.76,3.0,24.0,Piatu,Aktif,Ada,54.0,0
418,Wawan,1472327.0,7.0,3.78,1.0000000000000004,24.0,Piatu,Tidak Aktif,Tidak Ada,64.0,0
419,Omar,4472801.0,7.0,2.84,7.0,18.0,Yatim Piatu,Aktif,Tidak Ada,65.0,1
420,Budi,3694946.0,3.0,3.76,1.0000000000000004,20.0,Lengkap,Aktif,Tidak Ada,50.0,2
421,Budi,1034911.0,2.0,2.92,4.0,20.0,Piatu,Aktif,Tidak Ada,65.0,0
422,Wawan,2922135.0,7.0,3.46,8.0,21.0,Piatu,Tidak Aktif,Ada,86.0,1
423,Vina,3522189.0,4.0,3.54,7.0,22.0,Lengkap,Aktif,Tidak Ada,52.0,1
424,Sandi,3827551.0,6.0,3.27,5.0,19.0,Yatim Piatu,Aktif,Tidak Ada,96.0,1
425,Zaki,1978039.0,4.0,2.96,7.0,18.0,Piatu,Aktif,Ada,80.0,1
426,Vina,1899885.0,7.0,2.82,8.0,24.0,Yatim,Tidak Aktif,Tidak Ada,62.0,1
427,Vina,1608746.0,6.0,2.55,1.0000000000000004,24.0,Piatu,Aktif,Tidak Ada,65.0,0
428,Qori,4157903.0,5.0,2.96,1.0000000000000004,24.0,Yatim,Tidak Aktif,Tidak Ada,92.0,0
429,Tari,4002819.0,4.0,3.48,3.0,18.0,Yatim Piatu,Aktif,Tidak Ada,70.0,2
430,Joko,1316915.0,2.0,3.91,2.0,24.0,Piatu,Tidak Aktif,Ada,51.0,0
431,Fajar,1499876.0,2.0,3.81,7.0,24.0,Lengkap,Aktif,Tidak Ada,76.0,1
432,Omar,2962165.0,4.0,3.65,4.0,22.0,Lengkap,Aktif,Ada,87.0,2
433,Vina,4791316.0,7.0,3.68,8.0,23.0,Piatu,Tidak Aktif,Tidak Ada,75.0,1
434,Kartini,1611213.0,2.0,3.5,8.0,23.0,Yatim Piatu,Tidak Aktif,Tidak Ada,87.0,1
435,Eka,1768734.0,5.0,2.89,8.0,21.0,Yatim Piatu,Aktif,Tidak Ada,95.0,1
436,Aisyah,4212086.0,1.0,3.86,4.0,21.0,Lengkap,Tidak Aktif,Ada,74.0,2
437,Hendra,4556271.0,7.0,3.51,2.0,24.0,Piatu,Aktif,Tidak Ada,60.0,0
438,Udin,1047057.0,5.0,3.34,1.0000000000000004,22.0,Yatim Piatu,Aktif,Tidak Ada,57.0,0
439,Lukman,2316870.0,6.0,2.67,3.0,24.0,Lengkap,Aktif,Ada,57.0,0
440,Lukman,2839433.0,5.0,3.17,3.0,21.0,Yatim,Tidak Aktif,Ada,82.0,0
441,Eka,3351878.0,7.0,3.19,4.0,18.0,Piatu,Aktif,Ada,56.0,2
442,Gita,3375328.0,6.0,3.8,3.0,18.0,Yatim,Tidak Aktif,Ada,87.0,2
443,Dedi,4672214.0,7.0,3.32,8.0,19.0,Yatim,Aktif,Tidak Ada,70.0,1
444,Fajar,3026580.0,2.0,3.07,6.0,23.0,Yatim Piatu,Tidak Aktif,Tidak Ada,57.0,1
445,Maya,1708754.0,1.0,3.97,2.0,22.0,Yatim Piatu,Tidak Aktif,Tidak Ada,100.0,2
446,Tari,4034735.0,7.0,2.67,1.0000000000000004,20.0,Yatim Piatu,Aktif,Tidak Ada,70.0,0
447,Omar,4313020.0,7.0,3.13,6.0,23.0,Piatu,Tidak Aktif,Ada,69.0,1
448,Citra,3007954.0,2.0,2.56,2.0,20.0,Yatim,Aktif,Tidak Ada,57.0,0
449,Wawan,1144931.0,3.0,3.61,5.0,19.0,Piatu,Aktif,Tidak Ada,95.0,1
450,Hendra,2492252.0,2.0,3.88,7.0,19.0,Yatim Piatu,Aktif,Tidak Ada,80.0,1
451,Tari,3259643.0,6.0,2.92,4.0,24.0,Yatim,Aktif,Tidak Ada,99.0,0
452,Putu,4526737.0,2.0,3.79,8.0,21.0,Piatu,Aktif,Ada,78.0,1
453,Maya,1401921.0,2.0,2.94,3.0,19.0,Piatu,Tidak Aktif,Tidak Ada,97.0,0
454,Rani,3008960.0,1.0,3.87,5.0,19.0,Lengkap,Aktif,Tidak Ada,58.0,2
455,Joko,1260910.0,2.0,3.63,3.0,20.0,Piatu,Tidak Aktif,Tidak Ada,64.0,2
456,Sandi,4168964.0,7.0,3.71,6.0,21.0,Yatim Piatu,Tidak Aktif,Ada,79.0,1
457,Qori,1087955.0,1.0,2.53,1.0000000000000004,19.0,Piatu,Aktif,Ada,75.0,0
458,Yani,4886602.0,4.0,3.94,1.0000000000000004,23.0,Yatim,Tidak Aktif,Tidak Ada,59.0,2
459,Sandi,3724585.0,3.0,3.59,1.0000000000000004,19.0,Piatu,Aktif,Tidak Ada,78.0,2
460,Wawan,4816446.0,1.0,2.96,8.0,21.0,Lengkap,Tidak Aktif,Tidak Ada,65.0,1
461,Eka,4376513.0,6.0,3.74,3.0,24.0,Yatim,Tidak Aktif,Ada,85.0,2
462,Udin,4240642.0,4.0,2.92,5.0,22.0,Yatim,Tidak Aktif,Tidak Ada,69.0,1
463,Wawan,2937878.0,1.0,3.81,1.0000000000000004,21.0,Lengkap,Aktif,Tidak Ada,94.0,2
464,Ika,1207990.0,1.0,2.67,5.0,20.0,Yatim Piatu,Tidak Aktif,Tidak Ada,86.0,0
465,Lukman,3085259.0,3.0,3.56,3.0,22.0,Yatim,Aktif,Ada,71.0,2
466,Udin,3475539.0,7.0,3.31,8.0,23.0,Yatim Piatu,Tidak Aktif,Tidak Ada,56.0,1
467,Aisyah,1538884.0,6.0,2.64,6.0,18.0,Yatim,Tidak Aktif,Tidak Ada,72.0,1
468,Aisyah,2999652.0,5.0,2.86,8.0,21.0,Yatim,Tidak Aktif,Ada,90.0,1
469,Omar,1996261.0,5.0,2.52,5.0,24.0,Yatim Piatu,Tidak Aktif,Ada,89.0,0
470,Budi,2705215.0,1.0,3.2,8.0,20.0,Yatim,Aktif,Tidak Ada,78.0,1
471,Vina,2242845.0,2.0,2.95,8.0,23.0,Yatim Piatu,Aktif,Ada,65.0,1
472,Putu,2946504.0,6.0,3.4,6.0,22.0,Lengkap,Tidak Aktif,Tidak Ada,87.0,1
473,Zaki,3489569.0,4.0,2.95,3.0,23.0,Yatim Piatu,Tidak Aktif,Ada,77.0,0
474,Hendra,4077172.0,2.0,2.95,3.0,21.0,Lengkap,Aktif,Ada,97.0,2
475,Maya,3235307.0,2.0,3.61,4.0,19.0,Yatim,Aktif,Tidak Ada,87.0,2
476,Udin,4266402.0,6.0,2.57,8.0,24.0,Yatim Piatu,Aktif,Tidak Ada,80.0,1
477,Aisyah,1906739.0,7.0,3.85,3.0,21.0,Yatim,Aktif,Tidak Ada,63.0,2
478,Putu,4927545.0,1.0,3.78,3.0,18.0,Yatim Piatu,Tidak Aktif,Ada,82.0,2
479,Gita,4910485.0,1.0,3.5,2.0,21.0,Lengkap,Tidak Aktif,Tidak Ada,58.0,2
480,Eka,2983851.0,1.0,3.39,1.0000000000000004,22.0,Lengkap,Aktif,Tidak Ada,76.0,2
481,Vina,2996055.0,1.0,3.84,4.0,22.0,Yatim Piatu,Aktif,Tidak Ada,73.0,2
482,Wawan,2305289.0,5.0,2.78,7.0,21.0,Lengkap,Aktif,Tidak Ada,62.0,1
483,Citra,2490077.0,1.0,2.62,4.0,22.0,Yatim,Aktif,Tidak Ada,75.0,0
484,Lukman,1543351.0,5.0,2.86,4.0,19.0,Yatim,Aktif,Ada,78.0,0
485,Putu,1067642.0,5.0,3.69,7.0,23.0,Piatu,Aktif,Tidak Ada,100.0,1
486,Sandi,1090093.0,7.0,2.55,2.0,21.0,Lengkap,Tidak Aktif,Tidak Ada,98.0,0
487,Eka,2556182.0,1.0,3.37,8.0,24.0,Yatim,Tidak Aktif,Ada,92.0,1
488,Vina,1217215.0,3.0,3.99,6.0,19.0,Yatim Piatu,Tidak Aktif,Tidak Ada,77.0,1
489,Zaki,3003679.0,4.0,3.78,3.0,23.0,Lengkap,Aktif,Tidak Ada,77.0,2
490,Nina,2755856.0,2.0,3.28,1.0000000000000004,24.0,Yatim,Aktif,Tidak Ada,57.0,0
491,Eka,2732465.0,5.0,2.6,5.0,24.0,Lengkap,Aktif,Tidak Ada,72.0,0
492,Omar,1035954.0,6.0,3.75,8.0,24.0,Yatim Piatu,Tidak Aktif,Tidak Ada,78.0,1
493,Qori,4173584.0,6.0,3.4,7.0,23.0,Yatim,Aktif,Ada,54.0,1
494,Nina,1526861.0,4.0,2.67,6.0,19.0,Piatu,Aktif,Ada,91.0,1
495,Tari,3044424.0,6.0,2.64,8.0,24.0,Piatu,Tidak Aktif,Ada,56.0,1
496,Eka,3656807.0,3.0,3.86,7.0,24.0,Lengkap,Aktif,Tidak Ada,91.0,1
497,Lukman,3592705.0,6.0,3.5,3.0,20.0,Yatim Piatu,Tidak Aktif,Ada,85.0,2
498,Putu,3859244.0,2.0,3.74,2.0,21.0,Yatim,Tidak Aktif,Tidak Ada,90.0,2
499,Putu,1886040.0,2.0,3.82,8.0,23.0,Yatim Piatu,Aktif,Tidak Ada,76.0,1
500,Udin,1322918.0,5.0,3.36,7.0,23.0,Yatim,Tidak Aktif,Tidak Ada,95.0,1
501,Gita,2072328.0,1.0,3.28,3.0,22.0,Lengkap,Aktif,Ada,51.0,0
502,Dedi,3938613.0,7.0,3.15,3.0,23.0,Yatim,Tidak Aktif,Ada,74.0,0
503,Aisyah,3245909.0,3.0,2.98,2.0,19.0,Yatim Piatu,Aktif,Ada,58.0,2
504,Eka,4459565.0,5.0,3.15,4.0,23.0,Yatim Piatu,Tidak Aktif,Tidak Ada,76.0,0
505,Wawan,1116739.0,3.0,3.66,8.0,20.0,Lengkap,Aktif,Ada,50.0,1
506,Joko,2890969.0,1.0,3.4,8.0,21.0,Yatim Piatu,Tidak Aktif,Tidak Ada,72.0,1
507,Vina,2286585.0,6.0,3.84,4.0,21.0,Yatim,Tidak Aktif,Ada,59.0,2
508,Eka,1780316.0,6.0,3.17,1.0000000000000004,23.0,Lengkap,Tidak Aktif,Ada,91.0,0
509,Dedi,4353708.0,7.0,3.41,1.0000000000000004,24.0,Yatim,Aktif,Tidak Ada,74.0,0
510,Budi,4402337.0,1.0,3.45,4.0,18.0,Yatim Piatu,Aktif,Tidak Ada,52.0,2
511,Tari,4534550.0,5.0,3.39,6.0,18.0,Lengkap,Tidak Aktif,Ada,55.0,2
512,Joko,3433828.0,7.0,3.55,5.0,24.0,Yatim,Aktif,Ada,55.0,1
513,Sandi,4489866.0,1.0,2.86,3.0,24.0,Yatim Piatu,Tidak Aktif,Ada,51.0,0
514,Aisyah,2366853.0,4.0,3.27,5.0,24.0,Yatim Piatu,Aktif,Tidak Ada,67.0,0
515,Yani,2014929.0,2.0,2.66,3.0,19.0,Piatu,Tidak Aktif,Tidak Ada,72.0,0
516,Eka,2566847.0,7.0,3.08,4.0,18.0,Yatim Piatu,Aktif,Ada,51.0,2
517,Maya,3420564.0,7.0,3.23,1.0000000000000004,24.0,Yatim,Tidak Aktif,Ada,61.0,0
518,Dedi,3582569.0,5.0,3.48,6.0,19.0,Lengkap,Tidak Aktif,Tidak Ada,71.0,1
519,Putu,2480035.0,3.0,3.93,1.0000000000000004,22.0,Piatu,Tidak Aktif,Ada,86.0,2
520,Yani,1188456.0,4.0,3.4,5.0,19.0,Yatim Piatu,Tidak Aktif,Tidak Ada,69.0,1
521,Putu,3653093.0,5.0,3.62,1.0000000000000004,18.0,Yatim Piatu,Aktif,Tidak Ada,88.0,2
522,Wawan,4303457.0,1.0,3.26,4.0,23.0,Yatim Piatu,Tidak Aktif,Tidak Ada,73.0,2
523,Budi,3006032.0,1.0,3.45,6.0,22.0,Yatim,Aktif,Tidak Ada,97.0,1
524,Qori,1228504.0,1.0,2.61,5.0,18.0,Piatu,Aktif,Tidak Ada,69.0,1
525,Tari,2694693.0,1.0,2.88,6.0,19.0,Yatim,Tidak Aktif,Tidak Ada,50.0,1
526,Yani,3749817.0,3.0,3.04,8.0,20.0,Piatu,Aktif,Ada,50.0,1
527,Lukman,3044491.0,4.0,3.21,3.0,21.0,Lengkap,Aktif,Tidak Ada,66.0,0
528,Rani,2574486.0,6.0,2.57,1.0000000000000004,18.0,Yatim,Aktif,Tidak Ada,50.0,0
529,Citra,1573044.0,2.0,2.71,6.0,24.0,Yatim,Tidak Aktif,Ada,94.0,0
530,Aisyah,2089385.0,3.0,2.92,2.0,19.0,Lengkap,Aktif,Tidak Ada,79.0,0
531,Aisyah,2589589.0,3.0,3.96,8.0,24.0,Piatu,Aktif,Ada,90.0,1
532,Sandi,1716756.0,6.0,3.0,1.0000000000000004,24.0,Yatim Piatu,Tidak Aktif,Tidak Ada,96.0,0
533,Kartini,1051226.0,6.0,3.22,3.0,24.0,Lengkap,Tidak Aktif,Ada,52.0,0
534,Eka,3596664.0,2.0,2.79,6.0,24.0,Yatim Piatu,Aktif,Ada,95.0,1
535,Lukman,4751198.0,2.0,3.42,5.0,24.0,Yatim Piatu,Tidak Aktif,Tidak Ada,60.0,2
536,Citra,4621509.0,6.0,2.92,3.0,22.0,Lengkap,Aktif,Tidak Ada,73.0,0
537,Aisyah,4175130.0,1.0,2.81,2.0,18.0,Piatu,Aktif,Tidak Ada,71.0,2
538,Aisyah,4149991.0,3.0,3.27,6.0,18.0,Yatim Piatu,Aktif,Tidak Ada,93.0,2
539,Hendra,4138145.0,5.0,2.51,7.0,21.0,Lengkap,Tidak Aktif,Ada,94.0,1
540,Joko,4897611.0,2.0,2.51,7.0,19.0,Yatim,Aktif,Ada,75.0,1
541,Kartini,2226476.0,2.0,2.83,4.0,20.0,Yatim,Tidak Aktif,Ada,62.0,0
542,Lukman,1572212.0,6.0,2.56,1.0000000000000004,22.0,Yatim,Tidak Aktif,Tidak Ada,50.0,0
543,Maya,3433478.0,4.0,2.66,5.0,19.0,Lengkap,Aktif,Ada,73.0,1
544,Lukman,1224137.0,5.0,3.01,4.0,22.0,Yatim,Tidak Aktif,Tidak Ada,59.0,0
545,Nina,2500844.0,5.0,3.7,6.0,18.0,Yatim Piatu,Tidak Aktif,Tidak Ada,84.0,1
546,Budi,1929168.0,2.0,3.36,7.0,24.0,Yatim,Tidak Aktif,Ada,73.0,1
547,Sandi,4443609.0,1.0,3.27,7.0,21.0,Yatim,Tidak Aktif,Tidak Ada,77.0,1
548,Rani,1363476.0,4.0,2.94,7.0,21.0,Yatim Piatu,Tidak Aktif,Ada,85.0,1
549,Citra,2400283.0,5.0,3.9,6.0,23.0,Yatim,Aktif,Tidak Ada,65.0,1
550,Wawan,2733309.0,2.0,3.1,7.0,20.0,Yatim Piatu,Tidak Aktif,Ada,89.0,1
551,Qori,2559161.0,5.0,2.63,3.0,21.0,Yatim,Aktif,Tidak Ada,65.0,0
552,Hendra,1691757.0,7.0,3.43,8.0,24.0,Yatim Piatu,Aktif,Ada,66.0,1
553,Joko,1390719.0,4.0,2.67,6.0,18.0,Yatim,Aktif,Ada,100.0,1
554,Budi,2527937.0,4.0,3.02,5.0,20.0,Yatim Piatu,Aktif,Tidak Ada,64.0,1
555,Sandi,2149947.0,7.0,3.26,8.0,19.0,Lengkap,Aktif,Tidak Ada,65.0,1
556,Ika,3660149.0,3.0,3.81,4.0,24.0,Yatim Piatu,Aktif,Ada,64.0,2
557,Gita,4130730.0,7.0,3.24,5.0,24.0,Yatim,Tidak Aktif,Tidak Ada,83.0,1
558,Dedi,4337920.0,6.0,3.55,8.0,21.0,Yatim,Tidak Aktif,Tidak Ada,60.0,1
559,Udin,4296050.0,6.0,3.99,2.0,20.0,Piatu,Tidak Aktif,Tidak Ada,50.0,2
560,Rani,3118324.0,2.0,2.7,7.0,18.0,Yatim Piatu,Aktif,Ada,64.0,1
561,Maya,3632995.0,4.0,2.91,2.0,23.0,Lengkap,Tidak Aktif,Ada,75.0,0
562,Kartini,3053490.0,3.0,3.09,1.0000000000000004,22.0,Yatim Piatu,Tidak Aktif,Tidak Ada,100.0,0
563,Yani,1996121.0,3.0,3.13,1.0000000000000004,22.0,Yatim Piatu,Tidak Aktif,Tidak Ada,53.0,0
564,Dedi,4723292.0,5.0,3.12,8.0,18.0,Lengkap,Aktif,Ada,92.0,1
565,Zaki,3678932.0,5.0,3.86,2.0,18.0,Yatim Piatu,Tidak Aktif,Tidak Ada,54.0,2
566,Udin,1708362.0,7.0,3.57,6.0,22.0,Lengkap,Aktif,Ada,84.0,1
567,Zaki,3610471.0,3.0,3.41,5.0,23.0,Lengkap,Tidak Aktif,Tidak Ada,62.0,1
568,Dedi,3877450.0,7.0,2.96,2.0,20.0,Yatim Piatu,Aktif,Tidak Ada,59.0,2
569,Joko,1876031.0,7.0,3.74,1.0000000000000004,22.0,Yatim Piatu,Aktif,Tidak Ada,60.0,0
570,Eka,3038435.0,5.0,3.93,2.0,18.0,Yatim,Aktif,Ada,67.0,2
571,Ika,2270896.0,4.0,3.73,6.0,21.0,Yatim,Tidak Aktif,Ada,83.0,1
572,Yani,4563706.0,7.0,2.5,2.0,19.0,Piatu,Tidak Aktif,Ada,88.0,0
573,Citra,2059622.0,1.0,3.45,5.0,23.0,Piatu,Aktif,Ada,90.0,0
574,Qori,1228071.0,4.0,2.58,4.0,24.0,Yatim Piatu,Tidak Aktif,Tidak Ada,91.0,0
575,Citra,1378165.0,3.0,2.89,6.0,23.0,Lengkap,Aktif,Tidak Ada,99.0,0
576,Putu,2994849.0,3.0,2.59,1.0000000000000004,21.0,Piatu,Aktif,Ada,72.0,0
577,Dedi,1708662.0,7.0,3.41,5.0,21.0,Yatim Piatu,Tidak Aktif,Tidak Ada,56.0,1
578,Rani,3513518.0,4.0,3.53,2.0,24.0,Piatu,Tidak Aktif,Tidak Ada,88.0,0
579,Qori,2315573.0,5.0,2.67,2.0,18.0,Lengkap,Tidak Aktif,Ada,52.0,0
580,Gita,2012117.0,5.0,3.08,4.0,22.0,Yatim Piatu,Aktif,Tidak Ada,61.0,0
581,Yani,1645188.0,6.0,3.18,1.0000000000000004,20.0,Lengkap,Aktif,Tidak Ada,56.0,0
582,Wawan,2531191.0,3.0,3.05,1.0000000000000004,23.0,Yatim Piatu,Tidak Aktif,Ada,98.0,0
583,Eka,1415008.0,2.0,2.68,3.0,24.0,Piatu,Aktif,Tidak Ada,75.0,0
584,Lukman,2631993.0,6.0,3.13,1.0000000000000004,23.0,Yatim,Tidak Aktif,Tidak Ada,82.0,0
585,Qori,4907107.0,5.0,3.63,4.0,21.0,Piatu,Aktif,Tidak Ada,86.0,2
586,Wawan,4351278.0,4.0,2.61,7.0,22.0,Piatu,Tidak Aktif,Ada,97.0,1
587,Maya,3342035.0,5.0,2.62,3.0,23.0,Yatim,Tidak Aktif,Ada,64.0,0
588,Wawan,4784146.0,4.0,3.03,3.0,20.0,Yatim,Aktif,Tidak Ada,51.0,2
589,Zaki,2509090.0,6.0,3.91,2.0,21.0,Yatim Piatu,Tidak Aktif,Tidak Ada,90.0,2
590,Citra,4046643.0,3.0,3.5,2.0,20.0,Yatim Piatu,Tidak Aktif,Tidak Ada,56.0,2
591,Ika,3768362.0,5.0,3.52,1.0000000000000004,22.0,Lengkap,Aktif,Ada,81.0,2
592,Qori,4026768.0,7.0,3.04,3.0,23.0,Lengkap,Tidak Aktif,Ada,53.0,0
593,Qori,2170365.0,4.0,3.39,8.0,19.0,Piatu,Aktif,Ada,69.0,1
594,Tari,1679418.0,3.0,2.52,2.0,23.0,Yatim,Tidak Aktif,Tidak Ada,99.0,0
595,Putu,1700780.0,2.0,3.45,4.0,22.0,Lengkap,Aktif,Tidak Ada,85.0,0
596,Zaki,2611754.0,4.0,3.87,8.0,23.0,Piatu,Tidak Aktif,Tidak Ada,81.0,1
597,Vina,2114593.0,6.0,3.42,2.0,24.0,Yatim,Tidak Aktif,Tidak Ada,77.0,0
598,Maya,2226952.0,2.0,3.81,6.0,23.0,Yatim Piatu,Tidak Aktif,Tidak Ada,62.0,1
599,Sandi,2736857.0,2.0,3.59,6.0,18.0,Piatu,Tidak Aktif,Ada,50.0,2
600,Qori,3596289.0,1.0,2.68,2.0,23.0,Yatim Piatu,Aktif,Tidak Ada,84.0,0
601,Dedi,1656884.0,5.0,3.85,3.0,23.0,Lengkap,Aktif,Tidak Ada,97.0,0
602,Lukman,3721864.0,4.0,2.6,7.0,20.0,Lengkap,Aktif,Tidak Ada,79.0,1
603,Ika,4947208.0,2.0,3.3,7.0,19.0,Yatim,Aktif,Ada,85.0,1
604,Sandi,3790416.0,1.0,2.71,3.0,20.0,Piatu,Aktif,Tidak Ada,74.0,2
605,Lukman,3938496.0,6.0,2.52,5.0,20.0,Yatim Piatu,Aktif,Ada,65.0,1
606,Ika,2606872.0,3.0,3.13,7.0,21.0,Yatim,Aktif,Ada,68.0,1
607,Gita,4539004.0,7.0,2.94,6.0,18.0,Lengkap,Tidak Aktif,Ada,50.0,1
608,Nina,4875754.0,7.0,3.23,4.0,20.0,Lengkap,Tidak Aktif,Ada,54.0,2
609,Tari,3704999.0,4.0,3.37,3.0,24.0,Piatu,Tidak Aktif,Ada,100.0,0
610,Sandi,2103913.0,2.0,2.57,1.0000000000000004,22.0,Yatim Piatu,Tidak Aktif,Tidak Ada,71.0,0
611,Omar,3994200.0,7.0,2.68,6.0,24.0,Piatu,Aktif,Tidak Ada,73.0,1
612,Putu,2324070.0,5.0,3.34,4.0,22.0,Yatim Piatu,Aktif,Ada,92.0,0
613,Udin,4170082.0,7.0,3.01,4.0,23.0,Yatim Piatu,Aktif,Ada,94.0,0
614,Eka,4190914.0,7.0,3.59,3.0,21.0,Piatu,Tidak Aktif,Ada,86.0,2
615,Citra,3649585.0,7.0,3.48,4.0,18.0,Yatim,Aktif,Tidak Ada,85.0,2
616,Lukman,3524388.0,1.0,3.77,3.0,24.0,Piatu,Tidak Aktif,Tidak Ada,85.0,2
617,Zaki,2658987.0,2.0,3.54,7.0,18.0,Piatu,Aktif,Ada,53.0,1
618,Tari,2548459.0,5.0,3.14,2.0,24.0,Lengkap,Aktif,Tidak Ada,85.0,0
619,Udin,4876274.0,2.0,3.51,6.0,23.0,Lengkap,Aktif,Tidak Ada,67.0,1
620,Dedi,3837981.0,4.0,2.91,5.0,22.0,Piatu,Aktif,Ada,99.0,1
621,Udin,2593445.0,4.0,2.96,2.0,19.0,Piatu,Tidak Aktif,Ada,65.0,2
622,Wawan,2661793.0,4.0,3.68,6.0,21.0,Lengkap,Tidak Aktif,Tidak Ada,90.0,1
623,Putu,3382347.0,6.0,3.17,3.0,24.0,Yatim Piatu,Aktif,Tidak Ada,67.0,0
624,Zaki,3672914.0,7.0,3.7,6.0,24.0,Piatu,Tidak Aktif,Tidak Ada,71.0,1
625,Gita,1616036.0,6.0,3.73,7.0,23.0,Yatim,Aktif,Ada,51.0,1
626,Maya,4271723.0,1.0,3.79,3.0,21.0,Yatim,Aktif,Ada,70.0,2
627,Udin,4391418.0,4.0,3.87,2.0,22.0,Yatim,Aktif,Ada,85.0,2
628,Joko,2380346.0,5.0,3.15,1.0000000000000004,22.0,Piatu,Aktif,Tidak Ada,93.0,0
629,Gita,1793392.0,2.0,2.98,1.0000000000000004,24.0,Yatim Piatu,Tidak Aktif,Tidak Ada,88.0,0
630,Nina,1428988.0,7.0,3.37,8.0,19.0,Yatim Piatu,Aktif,Ada,96.0,1
631,Eka,1180553.0,3.0,3.06,8.0,19.0,Lengkap,Aktif,Tidak Ada,88.0,1
632,Citra,1560696.0000000002,5.0,3.4,6.0,18.0,Piatu,Tidak Aktif,Ada,78.0,1
633,Wawan,3977590.0,7.0,3.56,1.0000000000000004,21.0,Yatim Piatu,Aktif,Tidak Ada,75.0,2
634,Kartini,4405296.0,6.0,3.53,3.0,21.0,Piatu,Tidak Aktif,Ada,70.0,2
635,Kartini,3416430.0,6.0,3.06,4.0,22.0,Lengkap,Aktif,Tidak Ada,66.0,0
636,Rani,4297291.0,5.0,2.75,3.0,18.0,Lengkap,Aktif,Tidak Ada,65.0,2
637,Omar,4802429.0,6.0,3.15,4.0,23.0,Lengkap,Aktif,Ada,80.0,0
638,Lukman,1699983.0000000002,4.0,2.71,2.0,21.0,Yatim,Aktif,Ada,100.0,0
639,Ika,4760343.0,1.0,3.84,5.0,18.0,Piatu,Aktif,Ada,58.0,2
640,Joko,3490706.0,2.0,3.02,4.0,18.0,Lengkap,Aktif,Ada,80.0,2
641,Lukman,4348231.0,1.0,2.73,1.0000000000000004,24.0,Piatu,Tidak Aktif,Ada,63.0,0
642,Qori,2191902.0,7.0,2.54,3.0,22.0,Yatim,Aktif,Tidak Ada,98.0,0
643,Fajar,4852948.0,2.0,3.47,2.0,18.0,Yatim,Tidak Aktif,Ada,86.0,2
644,Gita,2059920.0,2.0,3.46,1.0000000000000004,19.0,Lengkap,Tidak Aktif,Ada,51.0,2
645,Nina,3492118.0,1.0,3.01,2.0,19.0,Lengkap,Aktif,Ada,97.0,2
646,Maya,3020836.0,5.0,2.61,5.0,20.0,Yatim Piatu,Tidak Aktif,Ada,95.0,1
647,Hendra,4737973.0,2.0,3.11,7.0,22.0,Piatu,Aktif,Ada,63.0,1
648,Joko,3202575.0,1.0,2.97,3.0,24.0,Lengkap,Tidak Aktif,Tidak Ada,82.0,0
649,Ika,3417349.0,2.0,3.52,6.0,23.0,Yatim Piatu,Aktif,Ada,84.0,1
650,Rani,1464070.9999999998,3.0,3.41,3.0,20.0,Piatu,Tidak Aktif,Ada,88.0,0
651,Budi,3768408.0,5.0,3.05,8.0,19.0,Lengkap,Tidak Aktif,Ada,96.0,1
652,Eka,1186833.0,4.0,2.83,5.0,24.0,Yatim Piatu,Aktif,Tidak Ada,100.0,0
653,Eka,1717912.0,2.0,3.98,3.0,20.0,Yatim Piatu,Tidak Aktif,Tidak Ada,69.0,2
654,Fajar,1775435.0,3.0,3.18,8.0,22.0,Piatu,Aktif,Ada,51.0,1
655,Sandi,3174606.0,4.0,3.53,6.0,24.0,Yatim Piatu,Aktif,Ada,100.0,1
656,Hendra,4403322.0,4.0,2.71,4.0,22.0,Piatu,Aktif,Tidak Ada,90.0,0
657,Putu,2560473.0,7.0,3.23,2.0,18.0,Piatu,Aktif,Tidak Ada,68.0,2
658,Maya,4498472.0,2.0,2.54,6.0,21.0,Piatu,Aktif,Tidak Ada,86.0,1
659,Aisyah,4006316.0,1.0,3.26,1.0000000000000004,18.0,Yatim,Tidak Aktif,Ada,67.0,2
660,Vina,2564718.0,2.0,3.95,5.0,22.0,Yatim Piatu,Tidak Aktif,Ada,65.0,2
661,Tari,1945439.0,3.0,3.08,4.0,24.0,Piatu,Tidak Aktif,Tidak Ada,53.0,0
662,Qori,3134793.0,4.0,2.56,1.0000000000000004,19.0,Lengkap,Aktif,Ada,61.0,0
663,Gita,2602575.0,2.0,2.55,1.0000000000000004,23.0,Yatim,Tidak Aktif,Tidak Ada,78.0,0
664,Zaki,2905350.0,1.0,3.08,5.0,19.0,Yatim,Tidak Aktif,Tidak Ada,56.0,2
665,Maya,2417616.0,7.0,2.74,4.0,24.0,Yatim Piatu,Tidak Aktif,Tidak Ada,63.0,0
666,Dedi,4813270.0,2.0,2.54,7.0,18.0,Piatu,Tidak Aktif,Ada,61.0,1
667,Dedi,1612121.0,5.0,3.63,1.0000000000000004,23.0,Yatim Piatu,Tidak Aktif,Tidak Ada,84.0,0
668,Fajar,3415572.0,7.0,3.19,1.0000000000000004,24.0,Yatim,Aktif,Tidak Ada,54.0,0
669,Sandi,3378837.0,1.0,2.93,4.0,22.0,Piatu,Aktif,Ada,66.0,0
670,Lukman,2929465.0,3.0,3.85,3.0,19.0,Lengkap,Tidak Aktif,Tidak Ada,91.0,2
671,Vina,2524102.0,4.0,2.67,1.0000000000000004,22.0,Piatu,Aktif,Ada,81.0,0
672,Gita,4190541.0,2.0,3.93,2.0,23.0,Yatim,Aktif,Tidak Ada,59.0,2
673,Joko,2741134.0,1.0,2.97,4.0,23.0,Lengkap,Tidak Aktif,Ada,92.0,0
674,Sandi,1664180.0,7.0,3.83,1.0000000000000004,19.0,Piatu,Tidak Aktif,Tidak Ada,66.0,2
675,Gita,3383366.0,5.0,3.4,5.0,22.0,Lengkap,Aktif,Tidak Ada,54.0,1
676,Citra,3035848.0,1.0,3.74,6.0,20.0,Lengkap,Tidak Aktif,Tidak Ada,94.0,2
677,Maya,1928626.0,6.0,3.98,2.0,22.0,Yatim,Aktif,Tidak Ada,91.0,0
678,Maya,3439855.0,5.0,2.93,8.0,23.0,Lengkap,Aktif,Tidak Ada,58.0,1
679,Rani,1204615.0,7.0,3.94,8.0,22.0,Yatim Piatu,Tidak Aktif,Ada,98.0,1
680,Tari,2525233.0,3.0,3.08,6.0,24.0,Yatim,Aktif,Ada,82.0,1
681,Hendra,4711802.0,4.0,3.08,8.0,18.0,Yatim Piatu,Aktif,Tidak Ada,85.0,1
682,Ika,4896022.0,7.0,3.01,6.0,20.0,Lengkap,Aktif,Tidak Ada,85.0,1
683,Gita,2803740.0,3.0,3.31,1.0000000000000004,21.0,Yatim Piatu,Tidak Aktif,Tidak Ada,67.0,2
684,Aisyah,3497105.0,2.0,2.73,2.0,24.0,Piatu,Tidak Aktif,Ada,58.0,0
685,Citra,4968222.0,1.0,3.33,2.0,18.0,Lengkap,Tidak Aktif,Ada,78.0,2
686,Maya,4068893.0,6.0,3.31,3.0,21.0,Piatu,Tidak Aktif,Tidak Ada,99.0,2
687,Zaki,1838003.0,5.0,3.64,6.0,19.0,Yatim Piatu,Aktif,Ada,63.0,1
688,Qori,4433382.0,5.0,3.75,2.0,21.0,Piatu,Tidak Aktif,Tidak Ada,74.0,2
689,Zaki,1281570.0,1.0,3.16,3.0,24.0,Lengkap,Tidak Aktif,Tidak Ada,64.0,0
690,Yani,4182993.0,6.0,2.95,4.0,22.0,Piatu,Tidak Aktif,Tidak Ada,55.0,0
691,Aisyah,4395049.0,1.0,2.89,3.0,24.0,Yatim Piatu,Tidak Aktif,Ada,91.0,0
692,Fajar,1066150.0,2.0,2.79,5.0,21.0,Yatim Piatu,Aktif,Tidak Ada,78.0,0
693,Udin,4757328.0,3.0,2.59,7.0,23.0,Yatim Piatu,Aktif,Tidak Ada,64.0,1
694,Fajar,4235341.0,7.0,3.01,1.0000000000000004,18.0,Lengkap,Aktif,Tidak Ada,78.0,2
695,Lukman,3434206.0,5.0,2.91,4.0,18.0,Yatim Piatu,Tidak Aktif,Ada,53.0,2
696,Maya,2887383.0,2.0,3.95,7.0,21.0,Lengkap,Tidak Aktif,Ada,67.0,1
697,Maya,3218978.0,3.0,3.34,7.0,18.0,Piatu,Aktif,Ada,99.0,1
698,Omar,1559723.0,2.0,3.02,4.0,23.0,Yatim Piatu,Tidak Aktif,Tidak Ada,98.0,0
699,Udin,2931451.0,6.0,3.37,5.0,24.0,Piatu,Tidak Aktif,Ada,93.0,0
700,Putu,3547500.0,5.0,2.71,3.0,18.0,Yatim,Aktif,Tidak Ada,88.0,2
701,Vina,4355745.0,7.0,3.17,1.0000000000000004,21.0,Piatu,Aktif,Ada,65.0,2
702,Udin,1999554.0,1.0,3.44,3.0,20.0,Yatim,Tidak Aktif,Tidak Ada,60.0,2
703,Kartini,1134055.0,1.0,3.23,2.0,20.0,Piatu,Tidak Aktif,Ada,63.0,0
704,Eka,3587609.0,3.0,3.1,3.0,19.0,Lengkap,Tidak Aktif,Tidak Ada,52.0,2
705,Dedi,1676022.0,7.0,3.99,8.0,18.0,Piatu,Aktif,Ada,100.0,1
706,Citra,1809942.0,4.0,3.82,4.0,24.0,Lengkap,Aktif,Ada,99.0,0
707,Sandi,4879275.0,6.0,3.44,1.0000000000000004,21.0,Lengkap,Aktif,Ada,91.0,2
708,Tari,1696358.0000000002,3.0,3.35,3.0,18.0,Yatim Piatu,Aktif,Tidak Ada,87.0,2
709,Zaki,4595790.0,4.0,3.43,1.0000000000000004,22.0,Lengkap,Tidak Aktif,Ada,94.0,2
710,Rani,2142647.0,2.0,2.8,1.0000000000000004,23.0,Yatim,Aktif,Ada,91.0,0
711,Omar,2841648.0,6.0,3.09,2.0,18.0,Yatim Piatu,Aktif,Ada,67.0,2
712,Ika,2355267.0,2.0,2.56,2.0,18.0,Yatim Piatu,Tidak Aktif,Ada,69.0,0
713,Qori,3938204.0,7.0,3.21,4.0,20.0,Piatu,Tidak Aktif,Tidak Ada,97.0,2
714,Nina,3243541.0,5.0,3.31,5.0,23.0,Lengkap,Tidak Aktif,Ada,74.0,1
715,Omar,2688472.0,6.0,2.84,8.0,21.0,Lengkap,Aktif,Tidak Ada,87.0,1
716,Aisyah,3366860.0,4.0,3.95,7.0,18.0,Yatim,Tidak Aktif,Tidak Ada,62.0,2
717,Udin,4828433.0,5.0,3.86,1.0000000000000004,20.0,Piatu,Tidak Aktif,Tidak Ada,53.0,2
718,Vina,3735264.0,1.0,3.58,5.0,19.0,Piatu,Aktif,Tidak Ada,63.0,2
719,Vina,2011727.0,4.0,3.3,7.0,23.0,Yatim Piatu,Aktif,Ada,82.0,1
720,Citra,1254444.0,3.0,3.8,7.0,20.0,Yatim Piatu,Tidak Aktif,Tidak Ada,77.0,1
721,Putu,3700713.0,1.0,2.7,8.0,20.0,Yatim Piatu,Aktif,Tidak Ada,86.0,1
722,Wawan,3958443.0,1.0,3.69,4.0,24.0,Yatim,Tidak Aktif,Tidak Ada,57.0,2
723,Zaki,3308989.0,3.0,2.69,7.0,20.0,Yatim,Tidak Aktif,Tidak Ada,93.0,1
724,Kartini,3207169.0,6.0,3.69,8.0,24.0,Yatim Piatu,Aktif,Ada,83.0,1
725,Lukman,1123618.0,1.0,2.91,7.0,18.0,Piatu,Tidak Aktif,Ada,93.0,1
726,Joko,1459297.0,7.0,3.82,1.0000000000000004,18.0,Yatim,Aktif,Tidak Ada,54.0,2
727,Putu,4271069.0,4.0,3.92,1.0000000000000004,19.0,Piatu,Aktif,Tidak Ada,54.0,2
728,Hendra,2020154.0,5.0,2.72,6.0,22.0,Piatu,Aktif,Tidak Ada,80.0,1
729,Fajar,3913014.0,1.0,3.19,5.0,22.0,Lengkap,Tidak Aktif,Ada,94.0,1
730,Lukman,4876620.0,4.0,3.97,3.0,22.0,Yatim Piatu,Aktif,Ada,58.0,2
731,Yani,3649228.0,2.0,3.23,8.0,24.0,Lengkap,Aktif,Ada,91.0,1
732,Udin,1750865.0,4.0,3.8,2.0,23.0,Yatim Piatu,Tidak Aktif,Ada,81.0,0
733,Hendra,3538911.0,5.0,3.38,8.0,23.0,Yatim Piatu,Tidak Aktif,Ada,82.0,1
734,Dedi,3979706.0,4.0,3.06,3.0,19.0,Piatu,Tidak Aktif,Tidak Ada,52.0,2
735,Hendra,4709990.0,3.0,2.93,5.0,23.0,Yatim Piatu,Tidak Aktif,Ada,79.0,1
736,Rani,3990893.0,5.0,2.8,2.0,22.0,Piatu,Aktif,Ada,99.0,0
737,Eka,1540659.0,6.0,3.64,3.0,22.0,Piatu,Aktif,Tidak Ada,61.0,0
738,Ika,4977244.0,2.0,3.08,6.0,20.0,Yatim Piatu,Aktif,Ada,78.0,1
739,Dedi,3519997.0,3.0,3.27,2.0,23.0,Piatu,Tidak Aktif,Ada,52.0,0
740,Vina,3803696.0,6.0,3.24,1.0000000000000004,18.0,Piatu,Tidak Aktif,Ada,75.0,2
741,Qori,3421212.0,4.0,3.37,3.0,18.0,Piatu,Aktif,Tidak Ada,79.0,2
742,Ika,3093373.0,5.0,3.8,8.0,20.0,Yatim,Tidak Aktif,Ada,58.0,1
743,Aisyah,2646836.0,2.0,3.97,2.0,20.0,Piatu,Tidak Aktif,Tidak Ada,75.0,2
744,Udin,2241835.0,3.0,3.11,6.0,20.0,Yatim,Aktif,Tidak Ada,51.0,1
745,Tari,3372280.0,6.0,3.74,8.0,18.0,Yatim,Aktif,Ada,52.0,1
746,Maya,3916623.0,6.0,3.65,7.0,22.0,Piatu,Tidak Aktif,Ada,95.0,1
747,Putu,3706871.0,2.0,3.36,2.0,20.0,Piatu,Tidak Aktif,Ada,53.0,2
748,Maya,1870123.0,7.0,3.93,2.0,19.0,Yatim,Tidak Aktif,Ada,74.0,2
749,Nina,3942190.0,4.0,2.8,6.0,24.0,Yatim,Aktif,Tidak Ada,100.0,1
750,Citra,4549560.0,2.0,2.66,7.0,20.0,Piatu,Aktif,Ada,62.0,1
751,Fajar,3986249.0,6.0,3.78,3.0,24.0,Piatu,Aktif,Tidak Ada,88.0,0
752,Rani,4775389.0,1.0,3.16,4.0,21.0,Yatim Piatu,Aktif,Tidak Ada,93.0,2
753,Sandi,4326872.0,3.0,3.77,3.0,20.0,Yatim,Aktif,Tidak Ada,84.0,2
754,Eka,2859582.0,2.0,3.84,7.0,18.0,Yatim,Tidak Aktif,Tidak Ada,72.0,2
755,Omar,2969510.0,7.0,2.59,5.0,23.0,Yatim Piatu,Tidak Aktif,Tidak Ada,58.0,0
756,Zaki,1250194.9999999998,6.0,3.83,8.0,20.0,Yatim,Tidak Aktif,Ada,51.0,1
757,Budi,2192324.0,4.0,3.17,6.0,23.0,Lengkap,Aktif,Tidak Ada,90.0,1
758,Joko,4549760.0,6.0,3.27,3.0,21.0,Yatim,Aktif,Tidak Ada,93.0,2
759,Yani,3129885.0,4.0,3.44,2.0,19.0,Yatim Piatu,Aktif,Ada,80.0,2
760,Rani,2789616.0,2.0,3.89,6.0,23.0,Lengkap,Tidak Aktif,Ada,93.0,1
761,Maya,1526338.0,4.0,2.53,1.0000000000000004,24.0,Piatu,Aktif,Tidak Ada,96.0,0
762,Eka,3207148.0,5.0,3.22,7.0,22.0,Yatim Piatu,Aktif,Tidak Ada,51.0,1
763,Wawan,1558221.0,5.0,3.53,8.0,20.0,Yatim Piatu,Tidak Aktif,Ada,81.0,1
764,Yani,1549239.0,5.0,3.58,3.0,21.0,Piatu,Aktif,Tidak Ada,67.0,0
765,Aisyah,1556701.0,7.0,3.54,6.0,21.0,Yatim Piatu,Tidak Aktif,Ada,62.0,1
766,Vina,2214449.0,7.0,2.7,8.0,23.0,Yatim,Aktif,Ada,95.0,1
767,Aisyah,2759555.0,1.0,2.95,3.0,19.0,Piatu,Aktif,Tidak Ada,54.0,2
768,Rani,4047569.0,7.0,3.04,6.0,18.0,Yatim Piatu,Tidak Aktif,Ada,91.0,1
769,Omar,1899005.0,2.0,3.71,2.0,20.0,Piatu,Tidak Aktif,Tidak Ada,93.0,2
770,Qori,2036580.0,6.0,2.92,1.0000000000000004,21.0,Piatu,Tidak Aktif,Tidak Ada,59.0,0
771,Kartini,1433816.0,6.0,2.82,1.0000000000000004,19.0,Piatu,Tidak Aktif,Tidak Ada,92.0,0
772,Udin,4858863.0,1.0,3.94,5.0,22.0,Lengkap,Tidak Aktif,Ada,74.0,2
773,Zaki,2270464.0,7.0,2.51,6.0,21.0,Yatim Piatu,Tidak Aktif,Tidak Ada,83.0,1
774,Vina,1785331.9999999998,4.0,4.0,3.0,19.0,Lengkap,Aktif,Ada,86.0,2
775,Qori,2794029.0,1.0,3.52,1.0000000000000004,18.0,Yatim Piatu,Aktif,Tidak Ada,79.0,2
776,Maya,1767950.0,4.0,3.74,7.0,18.0,Yatim,Tidak Aktif,Tidak Ada,56.0,1
777,Aisyah,1166472.0,4.0,2.94,1.0000000000000004,21.0,Yatim,Aktif,Ada,55.0,0
778,Budi,1397710.0,3.0,2.52,4.0,24.0,Yatim,Tidak Aktif,Tidak Ada,52.0,0
779,Ika,3308912.0,6.0,3.61,4.0,21.0,Yatim Piatu,Aktif,Tidak Ada,62.0,2
780,Citra,1122744.0,5.0,3.75,1.0000000000000004,23.0,Piatu,Tidak Aktif,Ada,52.0,0
781,Aisyah,2778627.0,7.0,3.61,6.0,20.0,Piatu,Aktif,Ada,75.0,1
782,Udin,3063499.0,4.0,2.71,5.0,19.0,Lengkap,Aktif,Ada,73.0,1
783,Putu,2550522.0,3.0,3.63,1.0000000000000004,21.0,Lengkap,Aktif,Tidak Ada,55.0,2
784,Wawan,4188729.0,6.0,3.65,2.0,20.0,Yatim,Aktif,Ada,92.0,2
785,Fajar,1591652.0,5.0,3.49,8.0,23.0,Lengkap,Aktif,Ada,98.0,1
786,Qori,1911420.0,4.0,3.65,3.0,20.0,Yatim Piatu,Tidak Aktif,Tidak Ada,91.0,2
787,Eka,1831460.0,4.0,3.77,5.0,21.0,Yatim Piatu,Tidak Aktif,Ada,61.0,1
788,Eka,3335658.0,1.0,3.42,2.0,18.0,Lengkap,Tidak Aktif,Tidak Ada,98.0,2
789,Fajar,3850171.0,1.0,2.63,5.0,19.0,Lengkap,Aktif,Tidak Ada,85.0,1
790,Citra,3527941.0,6.0,3.23,2.0,19.0,Lengkap,Tidak Aktif,Ada,51.0,2
791,Udin,4801894.0,5.0,2.62,3.0,18.0,Lengkap,Aktif,Tidak Ada,60.0,2
792,Wawan,1910775.0,4.0,3.11,3.0,24.0,Yatim,Aktif,Ada,88.0,0
793,Eka,2760574.0,6.0,3.11,4.0,21.0,Yatim,Aktif,Ada,83.0,0
794,Udin,2701165.0,6.0,2.6,6.0,19.0,Lengkap,Tidak Aktif,Ada,75.0,1
795,Eka,1912727.0,2.0,3.02,2.0,21.0,Yatim Piatu,Aktif,Ada,67.0,0
796,Joko,3596874.0,7.0,2.67,8.0,23.0,Yatim,Tidak Aktif,Tidak Ada,70.0,1
797,Joko,2733693.0,1.0,3.71,4.0,21.0,Yatim Piatu,Tidak Aktif,Tidak Ada,85.0,2
798,Sandi,1558924.0,5.0,3.92,2.0,20.0,Piatu,Aktif,Ada,89.0,2
799,Qori,4881185.0,4.0,2.61,4.0,18.0,Yatim Piatu,Aktif,Ada,95.0,2
800,Udin,1179352.0,6.0,3.93,3.0,24.0,Lengkap,Tidak Aktif,Tidak Ada,93.0,0
801,Nina,1810694.0,4.0,3.28,5.0,21.0,Piatu,Tidak Aktif,Ada,71.0,1
802,Ika,3290435.0,2.0,2.95,7.0,24.0,Yatim,Tidak Aktif,Tidak Ada,79.0,1
803,Nina,1972346.0,5.0,2.62,4.0,24.0,Yatim,Tidak Aktif,Ada,99.0,0
804,Aisyah,1915015.0,6.0,3.25,2.0,23.0,Piatu,Tidak Aktif,Tidak Ada,92.0,0
805,Sandi,2498771.0,4.0,3.69,2.0,22.0,Yatim Piatu,Tidak Aktif,Tidak Ada,79.0,2
806,Maya,4915612.0,1.0,3.56,7.0,18.0,Yatim,Aktif,Tidak Ada,57.0,2
807,Maya,1998974.0,7.0,2.58,6.0,24.0,Lengkap,Tidak Aktif,Ada,83.0,0
808,Dedi,1431413.0,2.0,2.61,8.0,19.0,Piatu,Tidak Aktif,Ada,96.0,1
809,Aisyah,2352564.0,5.0,3.1,3.0,20.0,Lengkap,Tidak Aktif,Ada,58.0,0
810,Qori,3424050.0,2.0,2.94,2.0,19.0,Piatu,Tidak Aktif,Ada,100.0,2
811,Hendra,1951661.0,1.0,2.85,1.0000000000000004,23.0,Yatim,Aktif,Ada,69.0,0
812,Budi,1863561.0,5.0,2.92,5.0,23.0,Yatim Piatu,Aktif,Tidak Ada,89.0,0
813,Hendra,1302186.0,2.0,3.71,4.0,19.0,Piatu,Tidak Aktif,Tidak Ada,74.0,2
814,Gita,4207393.0,3.0,3.89,6.0,18.0,Piatu,Tidak Aktif,Tidak Ada,68.0,2
815,Budi,2295160.0,1.0,3.11,8.0,19.0,Lengkap,Tidak Aktif,Tidak Ada,54.0,1
816,Vina,4262681.0,1.0,3.86,7.0,21.0,Yatim,Aktif,Tidak Ada,60.0,2
817,Vina,3573224.0,1.0,2.98,5.0,19.0,Lengkap,Aktif,Tidak Ada,64.0,2
818,Citra,4828464.0,3.0,3.21,3.0,20.0,Yatim,Aktif,Tidak Ada,57.0,2
819,Rani,2026553.0,3.0,2.84,6.0,20.0,Lengkap,Aktif,Ada,68.0,1
820,Lukman,2235202.0,4.0,3.46,8.0,22.0,Piatu,Aktif,Tidak Ada,72.0,1
821,Aisyah,1145271.0,6.0,3.97,4.0,20.0,Lengkap,Aktif,Ada,76.0,2
822,Vina,3215685.0,7.0,3.41,4.0,19.0,Yatim Piatu,Tidak Aktif,Tidak Ada,89.0,2
823,Lukman,1968452.0,2.0,3.04,7.0,20.0,Yatim,Aktif,Tidak Ada,81.0,1
824,Eka,4743797.0,4.0,3.47,1.0000000000000004,18.0,Yatim,Aktif,Ada,75.0,2
825,Zaki,2514542.0,2.0,2.68,7.0,24.0,Piatu,Tidak Aktif,Tidak Ada,76.0,1
826,Qori,3163414.0,7.0,3.83,3.0,20.0,Yatim,Aktif,Ada,68.0,2
827,Putu,3930184.0,6.0,3.25,6.0,21.0,Yatim Piatu,Tidak Aktif,Tidak Ada,99.0,1
828,Omar,1076898.0,3.0,3.17,6.0,18.0,Lengkap,Aktif,Ada,91.0,1
829,Wawan,3552851.0,6.0,3.38,2.0,22.0,Piatu,Tidak Aktif,Tidak Ada,78.0,0
830,Omar,4295097.0,3.0,3.44,1.0000000000000004,21.0,Yatim Piatu,Tidak Aktif,Ada,88.0,2
831,Eka,3651888.0,7.0,2.61,1.0000000000000004,19.0,Yatim,Tidak Aktif,Ada,90.0,0
832,Udin,1288316.0,6.0,3.52,6.0,24.0,Yatim,Tidak Aktif,Tidak Ada,82.0,0
833,Nina,3008954.0,4.0,2.86,6.0,19.0,Yatim Piatu,Tidak Aktif,Tidak Ada,68.0,1
834,Budi,4153385.0,5.0,3.57,5.0,24.0,Lengkap,Aktif,Ada,86.0,1
835,Kartini,3574754.0,4.0,3.73,8.0,24.0,Lengkap,Aktif,Tidak Ada,68.0,1
836,Sandi,2829553.0,2.0,3.71,5.0,19.0,Piatu,Tidak Aktif,Ada,82.0,2
837,Gita,4041341.0,4.0,3.33,5.0,21.0,Yatim,Tidak Aktif,Tidak Ada,96.0,1
838,Fajar,2039504.0,7.0,3.28,1.0000000000000004,21.0,Yatim Piatu,Tidak Aktif,Ada,65.0,0
839,Budi,3472151.0,1.0,2.71,2.0,24.0,Lengkap,Aktif,Tidak Ada,72.0,0
840,Fajar,2732767.0,2.0,3.66,4.0,21.0,Piatu,Tidak Aktif,Ada,56.0,2
841,Rani,3105058.0,6.0,2.91,5.0,24.0,Yatim,Tidak Aktif,Tidak Ada,75.0,0
842,Budi,4469285.0,2.0,3.25,2.0,24.0,Yatim,Tidak Aktif,Ada,81.0,0
843,Rani,4724044.0,5.0,2.93,7.0,18.0,Piatu,Tidak Aktif,Ada,61.0,1
844,Omar,1793719.0,3.0,2.7,3.0,23.0,Piatu,Aktif,Tidak Ada,57.0,0
845,Sandi,4441532.0,6.0,3.44,5.0,18.0,Lengkap,Tidak Aktif,Tidak Ada,54.0,2
846,Budi,4614702.0,2.0,2.58,7.0,19.0,Yatim Piatu,Tidak Aktif,Ada,91.0,1
847,Tari,3944088.0,6.0,3.62,4.0,23.0,Yatim,Aktif,Ada,77.0,2
848,Zaki,1715079.9999999998,6.0,2.98,3.0,20.0,Yatim Piatu,Tidak Aktif,Ada,54.0,0
849,Fajar,2675843.0,6.0,2.5,3.0,19.0,Yatim,Tidak Aktif,Ada,98.0,0
850,Aisyah,1034701.0,3.0,3.27,4.0,22.0,Yatim,Aktif,Tidak Ada,75.0,0
851,Yani,4229028.0,7.0,2.57,5.0,18.0,Yatim Piatu,Aktif,Ada,54.0,1
852,Omar,3862689.0,4.0,2.91,1.0000000000000004,21.0,Piatu,Aktif,Ada,71.0,0
853,Wawan,2721610.0,6.0,3.56,4.0,18.0,Lengkap,Tidak Aktif,Ada,64.0,2
854,Joko,3180712.0,1.0,2.59,4.0,21.0,Yatim,Tidak Aktif,Tidak Ada,62.0,0
855,Sandi,3339767.0,7.0,3.76,4.0,23.0,Piatu,Aktif,Ada,77.0,0
856,Qori,3140794.0,5.0,2.51,3.0,22.0,Yatim,Aktif,Tidak Ada,82.0,0
857,Eka,3614235.0,3.0,2.87,8.0,23.0,Lengkap,Aktif,Tidak Ada,92.0,1
858,Dedi,1491036.0,2.0,3.61,2.0,22.0,Yatim,Tidak Aktif,Tidak Ada,72.0,0
859,Joko,1327304.0,3.0,2.97,7.0,18.0,Lengkap,Tidak Aktif,Tidak Ada,82.0,1
860,Yani,2852610.0,2.0,2.65,1.0000000000000004,21.0,Lengkap,Aktif,Tidak Ada,92.0,0
861,Qori,3462616.0,3.0,3.04,5.0,23.0,Yatim,Tidak Aktif,Tidak Ada,67.0,0
862,Joko,3710241.0,2.0,2.91,5.0,22.0,Yatim,Aktif,Tidak Ada,99.0,1
863,Qori,4433803.0,6.0,3.76,7.0,24.0,Lengkap,Tidak Aktif,Ada,79.0,1
864,Tari,2142953.0,4.0,2.97,2.0,19.0,Piatu,Tidak Aktif,Ada,75.0,0
865,Yani,4961352.0,2.0,3.68,4.0,19.0,Yatim Piatu,Tidak Aktif,Tidak Ada,65.0,2
866,Eka,4978702.0,2.0,3.84,8.0,23.0,Lengkap,Tidak Aktif,Ada,62.0,1
867,Budi,4974680.0,1.0,3.15,1.0000000000000004,21.0,Yatim,Aktif,Ada,88.0,2
868,Fajar,1326916.0,2.0,3.86,5.0,24.0,Yatim,Tidak Aktif,Tidak Ada,82.0,0
869,Udin,4597706.0,1.0,3.07,7.0,23.0,Piatu,Tidak Aktif,Ada,75.0,1
870,Budi,1312250.0,5.0,3.95,6.0,18.0,Yatim Piatu,Aktif,Tidak Ada,97.0,1
871,Maya,1605409.0,6.0,2.63,8.0,22.0,Lengkap,Tidak Aktif,Ada,50.0,1
872,Kartini,2074135.0,1.0,3.53,7.0,18.0,Lengkap,Aktif,Tidak Ada,98.0,1
873,Kartini,3989179.0,4.0,3.24,8.0,19.0,Yatim Piatu,Aktif,Tidak Ada,87.0,1
874,Putu,3655182.0,7.0,3.08,5.0,22.0,Lengkap,Tidak Aktif,Ada,51.0,1
875,Kartini,1856101.0,6.0,3.45,4.0,23.0,Yatim Piatu,Tidak Aktif,Ada,98.0,0
876,Sandi,2725690.0,1.0,3.56,6.0,18.0,Yatim,Aktif,Tidak Ada,55.0,2
877,Omar,4280772.0,6.0,2.51,2.0,20.0,Yatim Piatu,Aktif,Tidak Ada,95.0,0
878,Zaki,4257945.0,6.0,2.75,1.0000000000000004,21.0,Lengkap,Aktif,Tidak Ada,99.0,0
879,Wawan,2614737.0,6.0,3.57,2.0,24.0,Yatim Piatu,Tidak Aktif,Ada,87.0,0
880,Wawan,1892964.0,5.0,3.5,2.0,24.0,Piatu,Aktif,Ada,91.0,0
881,Putu,2961275.0,4.0,3.95,7.0,21.0,Yatim,Aktif,Ada,73.0,1
882,Kartini,1403119.0,3.0,3.64,8.0,20.0,Yatim,Aktif,Ada,67.0,1
883,Vina,3755532.0,3.0,3.93,1.0000000000000004,19.0,Yatim Piatu,Tidak Aktif,Tidak Ada,76.0,2
884,Putu,4973915.0,1.0,3.55,1.0000000000000004,22.0,Lengkap,Aktif,Tidak Ada,90.0,2
885,Hendra,2135564.0,6.0,2.95,5.0,21.0,Piatu,Tidak Aktif,Tidak Ada,57.0,0
886,Dedi,3667088.0,1.0,2.66,5.0,20.0,Yatim,Tidak Aktif,Tidak Ada,77.0,1
887,Hendra,1125991.0000000002,5.0,3.67,1.0000000000000004,23.0,Yatim,Aktif,Ada,59.0,0
888,Dedi,1402732.0,5.0,3.47,6.0,24.0,Lengkap,Tidak Aktif,Tidak Ada,66.0,0
889,Yani,1506079.0,2.0,2.57,3.0,20.0,Lengkap,Aktif,Tidak Ada,78.0,0
890,Zaki,2950013.0,5.0,3.04,5.0,19.0,Piatu,Tidak Aktif,Ada,55.0,1
891,Citra,3623836.0,2.0,3.94,3.0,19.0,Yatim Piatu,Tidak Aktif,Ada,63.0,2
892,Citra,2132658.0,4.0,3.25,7.0,18.0,Lengkap,Aktif,Tidak Ada,71.0,1
893,Rani,2985209.0,1.0,3.15,6.0,21.0,Yatim Piatu,Aktif,Ada,55.0,1
894,Sandi,1128321.9999999998,7.0,3.19,1.0000000000000004,18.0,Piatu,Aktif,Tidak Ada,75.0,0
895,Sandi,1656951.0,4.0,2.81,6.0,24.0,Yatim Piatu,Tidak Aktif,Ada,88.0,0
896,Udin,1011303.0,5.0,3.05,5.0,20.0,Yatim,Tidak Aktif,Ada,61.0,0
897,Eka,2210209.0,4.0,3.05,2.0,22.0,Yatim Piatu,Aktif,Tidak Ada,84.0,0
898,Rani,4479591.0,4.0,2.58,7.0,22.0,Piatu,Aktif,Ada,63.0,1
899,Joko,2298266.0,4.0,3.65,1.0000000000000004,19.0,Piatu,Tidak Aktif,Tidak Ada,71.0,2
900,Vina,2009612.0,5.0,3.12,4.0,22.0,Piatu,Tidak Aktif,Ada,100.0,0
901,Udin,2832684.0,7.0,3.73,7.0,22.0,Yatim Piatu,Tidak Aktif,Ada,72.0,1
902,Fajar,3196768.0,6.0,3.78,8.0,24.0,Yatim,Aktif,Ada,97.0,1
903,Aisyah,4007749.0,4.0,2.82,3.0,22.0,Lengkap,Tidak Aktif,Ada,56.0,0
904,Eka,4231959.0,2.0,3.49,6.0,20.0,Yatim,Aktif,Ada,89.0,2
905,Ika,3366610.0,5.0,3.21,1.0000000000000004,22.0,Yatim Piatu,Tidak Aktif,Tidak Ada,99.0,0
906,Lukman,2068199.0,4.0,3.82,7.0,23.0,Yatim Piatu,Tidak Aktif,Ada,74.0,1
907,Nina,1723035.0,7.0,2.82,6.0,22.0,Lengkap,Aktif,Tidak Ada,62.0,0
908,Budi,1490042.0,6.0,3.52,1.0000000000000004,22.0,Yatim Piatu,Aktif,Ada,70.0,0
909,Qori,1458298.0,5.0,3.41,5.0,18.0,Piatu,Aktif,Tidak Ada,90.0,1
910,Nina,2047343.0,3.0,2.94,7.0,20.0,Piatu,Tidak Aktif,Ada,59.0,1
911,Maya,2525416.0,6.0,2.7,5.0,19.0,Piatu,Tidak Aktif,Tidak Ada,58.0,1
912,Ika,1105228.0,2.0,3.48,7.0,18.0,Piatu,Tidak Aktif,Tidak Ada,64.0,1
913,Zaki,1426346.0,4.0,3.61,5.0,21.0,Piatu,Aktif,Ada,51.0,1
914,Omar,2755692.0,7.0,2.97,8.0,20.0,Yatim Piatu,Tidak Aktif,Ada,74.0,1
915,Zaki,1884056.0,3.0,3.47,6.0,23.0,Lengkap,Aktif,Ada,62.0,1
916,Vina,2730228.0,7.0,3.09,4.0,20.0,Lengkap,Aktif,Tidak Ada,83.0,0
917,Omar,2946793.0,3.0,3.57,7.0,21.0,Piatu,Aktif,Tidak Ada,100.0,1
918,Yani,2569123.0,5.0,2.8,8.0,21.0,Yatim Piatu,Tidak Aktif,Ada,83.0,1
919,Kartini,2921214.0,3.0,3.84,7.0,21.0,Yatim,Tidak Aktif,Ada,84.0,1
920,Putu,4215002.0,2.0,2.93,5.0,24.0,Yatim,Aktif,Tidak Ada,87.0,0
921,Qori,4279269.0,2.0,3.05,1.0000000000000004,19.0,Yatim Piatu,Tidak Aktif,Tidak Ada,52.0,2
922,Dedi,4199675.0,1.0,2.59,7.0,22.0,Piatu,Aktif,Ada,91.0,1
923,Aisyah,2726470.0,2.0,2.67,8.0,20.0,Lengkap,Aktif,Tidak Ada,55.0,1
924,Hendra,4340420.0,6.0,3.27,5.0,24.0,Yatim Piatu,Tidak Aktif,Ada,97.0,1
925,Qori,1048874.0,3.0,2.9,2.0,22.0,Yatim,Aktif,Ada,98.0,0
926,Citra,2622572.0,2.0,3.75,5.0,22.0,Yatim,Aktif,Ada,68.0,2
927,Tari,4220281.0,5.0,2.52,6.0,23.0,Yatim,Tidak Aktif,Tidak Ada,52.0,1
928,Omar,3689784.0,7.0,3.07,4.0,21.0,Piatu,Aktif,Tidak Ada,67.0,0
929,Omar,4981298.0,7.0,3.01,2.0,19.0,Yatim,Aktif,Tidak Ada,88.0,2
930,Yani,1709662.0,1.0,2.53,6.0,23.0,Yatim Piatu,Aktif,Tidak Ada,58.0,0
931,Vina,3669078.0,7.0,2.69,6.0,18.0,Yatim Piatu,Aktif,Ada,61.0,1
932,Nina,2126825.0,3.0,3.12,6.0,24.0,Yatim,Aktif,Tidak Ada,54.0,0
933,Wawan,3624159.0,1.0,3.24,1.0000000000000004,24.0,Yatim Piatu,Aktif,Ada,52.0,0
934,Nina,1678250.0,3.0,3.11,6.0,19.0,Yatim,Aktif,Ada,60.0,1
935,Yani,1470452.0,5.0,3.3,1.0000000000000004,22.0,Yatim,Tidak Aktif,Ada,79.0,0
936,Budi,2478301.0,1.0,3.39,6.0,24.0,Lengkap,Tidak Aktif,Tidak Ada,53.0,1
937,Maya,3139686.0,4.0,2.51,3.0,19.0,Piatu,Aktif,Ada,54.0,0
938,Nina,3592670.0,6.0,3.2,8.0,24.0,Piatu,Aktif,Ada,50.0,1
939,Yani,1616529.0,6.0,3.95,2.0,24.0,Lengkap,Tidak Aktif,Tidak Ada,76.0,0
940,Sandi,3509155.0,3.0,3.28,3.0,21.0,Lengkap,Tidak Aktif,Ada,77.0,2
941,Gita,3223361.0,7.0,3.52,6.0,18.0,Piatu,Tidak Aktif,Tidak Ada,78.0,1
942,Citra,1442061.0,4.0,2.97,2.0,21.0,Yatim,Tidak Aktif,Tidak Ada,67.0,0
943,Omar,4334732.0,1.0,3.66,2.0,18.0,Yatim,Tidak Aktif,Tidak Ada,61.0,2
944,Wawan,3713564.0,4.0,3.66,7.0,24.0,Piatu,Aktif,Ada,62.0,1
945,Nina,4761675.0,4.0,3.28,4.0,23.0,Yatim,Tidak Aktif,Tidak Ada,90.0,2
946,Kartini,3261286.0,7.0,3.96,3.0,22.0,Lengkap,Tidak Aktif,Tidak Ada,51.0,2
947,Omar,4221441.0,1.0,2.69,4.0,24.0,Yatim,Tidak Aktif,Tidak Ada,86.0,0
948,Maya,4888351.0,5.0,2.53,2.0,18.0,Yatim,Aktif,Tidak Ada,94.0,2
949,Rani,1488972.0,7.0,3.66,1.0000000000000004,18.0,Yatim Piatu,Aktif,Ada,65.0,2
950,Fajar,4075117.0,4.0,3.71,2.0,18.0,Yatim Piatu,Aktif,Tidak Ada,97.0,2
951,Citra,2123994.0,4.0,2.68,4.0,24.0,Yatim Piatu,Aktif,Ada,73.0,0
952,Sandi,4081328.0,5.0,2.9,3.0,19.0,Yatim,Aktif,Tidak Ada,84.0,2
953,Omar,2176808.0,4.0,2.53,6.0,23.0,Piatu,Aktif,Ada,71.0,0
954,Zaki,3617703.0,4.0,2.94,7.0,19.0,Lengkap,Tidak Aktif,Tidak Ada,85.0,1
955,Wawan,1163038.0,4.0,3.66,7.0,22.0,Yatim,Aktif,Ada,60.0,1
956,Eka,4087201.0,6.0,3.28,7.0,24.0,Piatu,Aktif,Tidak Ada,95.0,1
957,Joko,1930491.0,7.0,3.02,6.0,18.0,Yatim,Tidak Aktif,Ada,78.0,1
958,Gita,2216959.0,2.0,3.06,7.0,23.0,Lengkap,Aktif,Ada,84.0,1
959,Zaki,4963735.0,7.0,2.5,3.0,23.0,Yatim,Tidak Aktif,Ada,97.0,0
960,Qori,2374572.0,5.0,2.95,6.0,20.0,Lengkap,Tidak Aktif,Tidak Ada,64.0,1
961,Gita,3355874.0,4.0,3.47,7.0,22.0,Yatim,Aktif,Ada,80.0,1
962,Vina,3229231.0,7.0,3.96,6.0,23.0,Lengkap,Tidak Aktif,Ada,91.0,1
963,Lukman,3299205.0,6.0,3.77,4.0,24.0,Yatim,Tidak Aktif,Ada,90.0,0
964,Zaki,1600530.0,5.0,2.54,8.0,18.0,Lengkap,Tidak Aktif,Ada,92.0,1
965,Qori,2227165.0,3.0,3.85,8.0,18.0,Yatim Piatu,Tidak Aktif,Tidak Ada,65.0,1
966,Maya,4648966.0,7.0,3.67,3.0,23.0,Yatim,Aktif,Ada,59.0,2
967,Tari,2077833.0,3.0,3.67,5.0,19.0,Yatim,Tidak Aktif,Ada,98.0,2
968,Zaki,3577640.0,4.0,3.19,1.0000000000000004,22.0,Piatu,Aktif,Ada,81.0,0
969,Dedi,1435423.0,6.0,3.1,7.0,18.0,Piatu,Tidak Aktif,Tidak Ada,100.0,1
970,Joko,2192929.0,6.0,2.95,1.0000000000000004,23.0,Lengkap,Tidak Aktif,Ada,51.0,0
971,Citra,1323390.0,7.0,2.6,6.0,18.0,Yatim,Tidak Aktif,Ada,73.0,1
972,Ika,3360731.0,5.0,2.84,1.0000000000000004,23.0,Lengkap,Aktif,Ada,72.0,0
973,Maya,4375675.0,5.0,2.87,3.0,22.0,Yatim Piatu,Aktif,Ada,51.0,0
974,Rani,4377486.0,6.0,3.23,3.0,23.0,Piatu,Aktif,Tidak Ada,87.0,0
975,Omar,2664221.0,5.0,3.62,2.0,20.0,Lengkap,Tidak Aktif,Ada,80.0,2
976,Dedi,4303460.0,6.0,3.21,8.0,23.0,Lengkap,Tidak Aktif,Ada,100.0,1
977,Omar,4096853.0,7.0,2.59,7.0,23.0,Piatu,Tidak Aktif,Tidak Ada,89.0,1
978,Vina,4028163.0,2.0,3.94,2.0,24.0,Yatim,Tidak Aktif,Tidak Ada,75.0,2
979,Budi,4873683.0,6.0,3.91,1.0000000000000004,22.0,Lengkap,Aktif,Tidak Ada,78.0,2
980,Omar,2656671.0,3.0,3.68,5.0,24.0,Piatu,Tidak Aktif,Ada,52.0,0
981,Hendra,2487331.0,5.0,3.99,2.0,23.0,Yatim,Aktif,Tidak Ada,63.0,2
982,Hendra,2950961.0,6.0,3.32,2.0,22.0,Yatim Piatu,Tidak Aktif,Ada,74.0,0
983,Qori,1138563.0000000002,6.0,3.94,3.0,20.0,Piatu,Aktif,Tidak Ada,97.0,2
984,Lukman,1783066.0000000002,7.0,2.61,5.0,22.0,Lengkap,Aktif,Ada,50.0,0
985,Sandi,2554623.0,5.0,3.05,6.0,18.0,Yatim Piatu,Tidak Aktif,Tidak Ada,52.0,1
986,Joko,1705552.0,2.0,2.84,1.0000000000000004,24.0,Yatim,Tidak Aktif,Ada,75.0,0
987,Ika,3046475.0,7.0,2.79,2.0,22.0,Yatim,Aktif,Tidak Ada,67.0,0
988,Eka,3423184.0,2.0,2.71,5.0,20.0,Piatu,Tidak Aktif,Ada,58.0,1
989,Fajar,1597897.0,7.0,3.43,8.0,21.0,Piatu,Tidak Aktif,Ada,87.0,1
990,Tari,4941237.0,5.0,3.67,7.0,23.0,Piatu,Aktif,Ada,72.0,1
991,Budi,1772800.0,1.0,3.37,5.0,22.0,Yatim,Aktif,Ada,70.0,0
992,Yani,2302549.0,5.0,2.72,8.0,23.0,Yatim Piatu,Aktif,Ada,50.0,1
993,Maya,4428825.0,5.0,3.72,1.0000000000000004,19.0,Yatim,Aktif,Ada,70.0,2
994,Fajar,3042999.0,2.0,3.45,5.0,18.0,Lengkap,Tidak Aktif,Ada,76.0,2
995,Eka,4522554.0,2.0,3.08,8.0,24.0,Yatim,Aktif,Ada,91.0,1
996,Zaki,4659985.0,5.0,3.51,5.0,18.0,Lengkap,Aktif,Tidak Ada,55.0,2
997,Aisyah,2902897.0,5.0,2.89,5.0,19.0,Yatim Piatu,Aktif,Ada,93.0,1
998,Udin,4824909.0,5.0,3.02,7.0,19.0,Piatu,Tidak Aktif,Ada,85.0,1
999,Vina,4576511.0,2.0,3.88,8.0,24.0,Piatu,Aktif,Tidak Ada,77.0,1
1000,Udin,2163950.0,5.0,2.94,8.0,22.0,Yatim,Tidak Aktif,Ada,94.0,1
